ID,text_original,target_original,text_clean,target_clean,stance,stance_id,sentiment,sentiment_id,sarcasm,sarcasm_id,favor_reason,against_reason,none_reason,model_input,target_id,text,target,stance:confidence,sarcasm:confidence,sentiment:confidence,datetime,Date,true_label,pred_label,p_against,p_none,p_favor,fold,max_probability,prediction_entropy,true_name,pred_name
166,كيف ممكن تستفيد من بياناتك!🤔 عن طريق تحليلها تستطيع تحقيق أفضل النتائج 👌🏻 في محاضرة مثرية ستتعرف فيها على أفضل الأدوات التحليلية 📊  انتظرونا يوم الأربعاء على #ويبينار_التحول_التقني  سجِّل الآن   URL URL,Digital Transformation,كيف ممكن تستفيد من بياناتك!🤔 عن طريق تحليلها تستطيع تحقيق افضل النتائج 👌🏻 في محاضرة مثرية ستتعرف فيها علي افضل الادوات التحليلية 📊 انتظرونا يوم الاربعاء علي #ويبينار التحول التقني سجِّل الان,Digital Transformation,None,1,Neutral,1,No,0,,,Not clear,Target: Digital Transformation Text: كيف ممكن تستفيد من بياناتك!🤔 عن طريق تحليلها تستطيع تحقيق افضل النتائج 👌🏻 في محاضرة مثرية ستتعرف فيها علي افضل الادوات التحليلية 📊 انتظرونا يوم الاربعاء علي #ويبينار التحول التقني سجِّل الان,,,,,,,,,1,2,0.0013551712,0.016540527,0.9819336,1,0.9819336,0.0946998055394064,None,Favor
586,  الدولة عندما سنّت الانظمة الجديده من تمكين المرأة والحريات المنضبطة وكذا نظام التقاضي وقعت مثل الصاعقة على الغرب مما جعلهم يناصبون الامير محمد بن سلمان العداء علانية لأنه اصلح وقطع المسوغات التي يدندنون حولهاⓂ️,Women empowerment,الدولة عندما سنّت الانظمة الجديده من تمكين المراة والحريات المنضبطة وكذا نظام التقاضي وقعت مثل الصاعقة علي الغرب مما جعلهم يناصبون الامير محمد بن سلمان العداء علانية لانه اصلح وقطع المسوغات التي يدندنون حولهاⓂ️,Women empowerment,None,1,Positive,2,No,0,,,Not clear,Target: Women empowerment Text: الدولة عندما سنّت الانظمة الجديده من تمكين المراة والحريات المنضبطة وكذا نظام التقاضي وقعت مثل الصاعقة علي الغرب مما جعلهم يناصبون الامير محمد بن سلمان العداء علانية لانه اصلح وقطع المسوغات التي يدندنون حولهاⓂ️,,,,,,,,,1,2,0.013595581,0.00052022934,0.98583984,1,0.98583984,0.0764269570793814,None,Favor
657, السلام عليكم ورحمة الله. قررت ان اخذ الجرعة الثالثة من تطعيم كورونا بمطار الملك عبدالعزيز الجنوبي. استفساري اذا احد اخذها من المطار  حديثا هل هو فايزر؟,Covid Vaccine,السلام عليكم ورحمة الله. قررت ان اخذ الجرعة الثالثة من تطعيم كورونا بمطار الملك عبدالعزيز الجنوبي. استفساري اذا احد اخذها من المطار حديثا هل هو فايزر؟,Covid Vaccine,None,1,Neutral,1,No,0,,,Not clear,Target: Covid Vaccine Text: السلام عليكم ورحمة الله. قررت ان اخذ الجرعة الثالثة من تطعيم كورونا بمطار الملك عبدالعزيز الجنوبي. استفساري اذا احد اخذها من المطار حديثا هل هو فايزر؟,,,,,,,,,1,2,0.005756378,0.0703125,0.9238281,1,0.9238281,0.2895484583185937,None,Favor
738, سلاح ثور الوحيد اللي يميزة عن باقي الشخصيات لأنه الوحيد اللي يقدر يحمله   وأكتشفنا بقدرة قادر أن كابتن أمريكا يقدر يحملها والآن حبيبتة !!؟ تقدر تصنع قصة جميله بدون حدث مفاجئ عشان تعتمد ع عامل الصدمه وغير إني شام ريحة تمكين المرأة 😂,Women empowerment,سلاح ثور الوحيد اللي يميزة عن باقي الشخصيات لانه الوحيد اللي يقدر يحمله واكتشفنا بقدرة قادر ان كابتن امريكا يقدر يحملها والان حبيبتة !!؟ تقدر تصنع قصة جميله بدون حدث مفاجئ عشان تعتمد ع عامل الصدمه وغير اني شام ريحة تمكين المراة 😂,Women empowerment,None,1,Neutral,1,No,0,,,Not clear,Target: Women empowerment Text: سلاح ثور الوحيد اللي يميزة عن باقي الشخصيات لانه الوحيد اللي يقدر يحمله واكتشفنا بقدرة قادر ان كابتن امريكا يقدر يحملها والان حبيبتة !!؟ تقدر تصنع قصة جميله بدون حدث مفاجئ عشان تعتمد ع عامل الصدمه وغير اني شام ريحة تمكين المراة 😂,,,,,,,,,1,2,0.008605957,0.085876465,0.9057617,1,0.9057617,0.3413887799516074,None,Favor
885,مايا مرسي تستعرض جهود مصر في تمكين المرأة مع مسئولة أممية URL,Women empowerment,مايا مرسي تستعرض جهود مصر في تمكين المراة مع مسئولة اممية,Women empowerment,None,1,Neutral,1,No,0,,,Not clear,Target: Women empowerment Text: مايا مرسي تستعرض جهود مصر في تمكين المراة مع مسئولة اممية,,,,,,,,,1,2,0.0011558533,0.01751709,0.9814453,1,0.9814453,0.0970476683133866,None,Favor
1027,مشروب سحري لرفع المناعة ويغني عن تطعيم كورونا .. شكرا فاطمة حمد :) ,Covid Vaccine,مشروب سحري لرفع المناعة ويغني عن تطعيم كورونا .. شكرا فاطمة حمد :),Covid Vaccine,None,1,Positive,2,No,0,,,Not clear,Target: Covid Vaccine Text: مشروب سحري لرفع المناعة ويغني عن تطعيم كورونا .. شكرا فاطمة حمد :),,,,,,,,,1,2,0.011947632,0.0015907288,0.9863281,1,0.9863281,0.0767227933325019,None,Favor
1061,بعد اليوم لا تحتاج إلى الحضور شخصيًا حتى توقع مستنداتك! #تقدم_بذكاء واجعلها إلكترونيًا 👌 تعرّف على الأدوات التي تساعدك على ذلك مع #انفوجرافيك_مزن 🔻  URL URL,Digital Transformation,بعد اليوم لا تحتاج الي الحضور شخصيًا حتي توقع مستنداتك! #تقدم بذكاء واجعلها الكترونيًا 👌 تعرّف علي الادوات التي تساعدك علي ذلك مع #انفوجرافيك مزن 🔻,Digital Transformation,None,1,Positive,2,No,0,,,Not clear,Target: Digital Transformation Text: بعد اليوم لا تحتاج الي الحضور شخصيًا حتي توقع مستنداتك! #تقدم بذكاء واجعلها الكترونيًا 👌 تعرّف علي الادوات التي تساعدك علي ذلك مع #انفوجرافيك مزن 🔻,,,,,,,,,1,2,0.00058078766,0.001332283,0.9980469,1,0.9980469,0.0150995740169088,None,Favor
1062,"موعدنا معكم الليلة في محاضرة مباشرة ستتعلم فيها  ""أفضل الممارسات والبرامج في #التسويق  الإلكتروني""   سجِّل الآن 👇 URL . #تقدم_بذكاء URL",Digital Transformation,"موعدنا معكم الليلة في محاضرة مباشرة ستتعلم فيها ""افضل الممارسات والبرامج في #التسويق الالكتروني"" سجِّل الان 👇 . #تقدم بذكاء",Digital Transformation,None,1,Neutral,1,No,0,,,Not Related,"Target: Digital Transformation Text: موعدنا معكم الليلة في محاضرة مباشرة ستتعلم فيها ""افضل الممارسات والبرامج في #التسويق الالكتروني"" سجِّل الان 👇 . #تقدم بذكاء",,,,,,,,,1,2,0.004924774,0.06726074,0.9277344,1,0.9277344,0.2773055871909262,None,Favor
1248,"هل عملك جاهز للتحول الرقمي القادم؟   ""يُقاس النجاح في التحول الرقمي بالقيمة التي يتم إنشاؤها عندما يعمل الأشخاص باستخدام الأدوات التقنية"".  URL",Digital Transformation,"هل عملك جاهز للتحول الرقمي القادم؟ ""يُقاس النجاح في التحول الرقمي بالقيمة التي يتم انشاؤها عندما يعمل الاشخاص باستخدام الادوات التقنية"".",Digital Transformation,None,1,Negative,0,No,0,,,Not clear,"Target: Digital Transformation Text: هل عملك جاهز للتحول الرقمي القادم؟ ""يُقاس النجاح في التحول الرقمي بالقيمة التي يتم انشاؤها عندما يعمل الاشخاص باستخدام الادوات التقنية"".",,,,,,,,,1,2,0.008460999,0.3215332,0.6699219,1,0.6699219,0.673574196136137,None,Favor
1622,سؤال طبي مالي بحت 😂 ..  الي ما يبي يطعّم يقدر يبيع نصيبه 🏃🏽‍♂️😂  #وزارة_الصحة  #تطعيم_كورونا,Covid Vaccine,سؤال طبي مالي بحت 😂 .. الي ما يبي يطعّم يقدر يبيع نصيبه 🏃🏽‍♂️😂 #وزارة الصحة #تطعيم كورونا,Covid Vaccine,None,1,Neutral,1,Yes,1,,,Not clear,Target: Covid Vaccine Text: سؤال طبي مالي بحت 😂 .. الي ما يبي يطعّم يقدر يبيع نصيبه 🏃🏽‍♂️😂 #وزارة الصحة #تطعيم كورونا,,,,,,,,,1,2,0.0047454834,0.48779297,0.5073242,1,0.5073242,0.7198328706102339,None,Favor
1876,نلتقي غداُ والحديث حول التحول الرقمي الذكي وعلم البيانات وأثرها الإجتماعي والإقتصادي من منظور التدريب والتوظيف #علم_البيانات #التدريب_التقني URL,Digital Transformation,نلتقي غداُ والحديث حول التحول الرقمي الذكي وعلم البيانات واثرها الاجتماعي والاقتصادي من منظور التدريب والتوظيف #علم البيانات #التدريب التقني,Digital Transformation,None,1,Neutral,1,No,0,,,Not clear,Target: Digital Transformation Text: نلتقي غداُ والحديث حول التحول الرقمي الذكي وعلم البيانات واثرها الاجتماعي والاقتصادي من منظور التدريب والتوظيف #علم البيانات #التدريب التقني,,,,,,,,,1,2,0.0048065186,0.49682617,0.49829102,1,0.49829102,0.7202886156705715,None,Favor
1909,في التأني السلامة   و في العجلة الندامة   #لقاح_فايزر  #تطعيم_كورونا #تم_التطعيم  💉💉💉💉,Covid Vaccine,في التاني السلامة و في العجلة الندامة #لقاح فايزر #تطعيم كورونا #تم التطعيم 💉💉,Covid Vaccine,None,1,Neutral,1,No,0,,,Not clear,Target: Covid Vaccine Text: في التاني السلامة و في العجلة الندامة #لقاح فايزر #تطعيم كورونا #تم التطعيم 💉💉,,,,,,,,,1,2,0.0013084412,0.0009646416,0.9975586,1,0.9975586,0.0178232860948581,None,Favor
2120,الذين لم يشعروا بالزلزال اليوم كانت نتيجة انهم اخذوا تطعيم فايزر ضد كورونا والان اصبح التطعيم ضد الزلزال ايضا شكرا فايزر 😇,Covid Vaccine,الذين لم يشعروا بالزلزال اليوم كانت نتيجة انهم اخذوا تطعيم فايزر ضد كورونا والان اصبح التطعيم ضد الزلزال ايضا شكرا فايزر 😇,Covid Vaccine,None,1,Neutral,1,Yes,1,,,,Target: Covid Vaccine Text: الذين لم يشعروا بالزلزال اليوم كانت نتيجة انهم اخذوا تطعيم فايزر ضد كورونا والان اصبح التطعيم ضد الزلزال ايضا شكرا فايزر 😇,,,,,,,,,1,2,0.0025424957,0.00030827522,0.9970703,1,0.9970703,0.0206080786713877,None,Favor
3403,توي اخذت تطعيم كورونا ( فايزر )  في مركز معارض الرياض ، شغل جبار وتنظيم رهيب ، غير اني استغرقت فقط ٢٠ دقيقة ، هذا وانا جاي الساعة 10 يعني عز الزحمة ، ولكن ماشاء الله جهد جبار #السعودية #كورونا #فايزر,Covid Vaccine,توي اخذت تطعيم كورونا ( فايزر ) في مركز معارض الرياض ، شغل جبار وتنظيم رهيب ، غير اني استغرقت فقط ٢٠ دقيقة ، هذا وانا جاي الساعة 10 يعني عز الزحمة ، ولكن ماشاء الله جهد جبار #السعودية #كورونا #فايزر,Covid Vaccine,None,1,Positive,2,Yes,1,,,Not clear,Target: Covid Vaccine Text: توي اخذت تطعيم كورونا ( فايزر ) في مركز معارض الرياض ، شغل جبار وتنظيم رهيب ، غير اني استغرقت فقط ٢٠ دقيقة ، هذا وانا جاي الساعة 10 يعني عز الزحمة ، ولكن ماشاء الله جهد جبار #السعودية #كورونا #فايزر,,,,,,,,,1,2,0.0015392303,0.0004479885,0.9980469,1,0.9980469,0.0153742988023572,None,Favor
3440,  التحول التقني للمجتمع أثر سلباً على رعاية بعض كبار السن  وعلى العلاقات الاجتماعية داخل الأسرة  فنجد أفراد الأسرة جميعهم منشغلين عنه وكل فرد من أفراد الأسرة في عالمه الخاص  وفي تواصل مع الآخرين خارج المنزل عبر استخدام الأجهزة الذكية أدى إلى شعور,Digital Transformation,التحول التقني للمجتمع اثر سلباً علي رعاية بعض كبار السن وعلي العلاقات الاجتماعية داخل الاسرة فنجد افراد الاسرة جميعهم منشغلين عنه وكل فرد من افراد الاسرة في عالمه الخاص وفي تواصل مع الاخرين خارج المنزل عبر استخدام الاجهزة الذكية ادي الي شعور,Digital Transformation,None,1,Neutral,1,Yes,1,,,Not clear,Target: Digital Transformation Text: التحول التقني للمجتمع اثر سلباً علي رعاية بعض كبار السن وعلي العلاقات الاجتماعية داخل الاسرة فنجد افراد الاسرة جميعهم منشغلين عنه وكل فرد من افراد الاسرة في عالمه الخاص وفي تواصل مع الاخرين خارج المنزل عبر استخدام الاجهزة الذكية ادي الي شعور,,,,,,,,,1,2,0.12866211,0.029846191,0.8413086,1,0.8413086,0.5140162945608331,None,Favor
3453, ترا تطعيم كورونا حاله حال التطعيمات الي خذناها و احنا بزران وشو الي تدخل فيروس و تدمر مناعة ولدك و مدري وش,Covid Vaccine,ترا تطعيم كورونا حاله حال التطعيمات الي خذناها و احنا بزران وشو الي تدخل فيروس و تدمر مناعة ولدك و مدري وش,Covid Vaccine,None,1,Positive,2,Yes,1,,,Not clear,Target: Covid Vaccine Text: ترا تطعيم كورونا حاله حال التطعيمات الي خذناها و احنا بزران وشو الي تدخل فيروس و تدمر مناعة ولدك و مدري وش,,,,,,,,,1,2,0.009765625,0.00970459,0.98046875,1,0.98046875,0.1095255244722809,None,Favor
3590,وجاء اللقاء بحضور وكيل الوزارة المكلّف، ومنسّقة المشاريع القوميّة بهيئة الأمم المتحدة للمرأة، ومستشارة تمكين المرأة بالهيئة.,Women empowerment,وجاء اللقاء بحضور وكيل الوزارة المكلّف، ومنسّقة المشاريع القوميّة بهيئة الامم المتحدة للمراة، ومستشارة تمكين المراة بالهيئة.,Women empowerment,None,1,Neutral,1,No,0,,,Not clear,Target: Women empowerment Text: وجاء اللقاء بحضور وكيل الوزارة المكلّف، ومنسّقة المشاريع القوميّة بهيئة الامم المتحدة للمراة، ومستشارة تمكين المراة بالهيئة.,,,,,,,,,1,2,0.001045227,0.008476257,0.9902344,1,0.9902344,0.0573275662563973,None,Favor
3776,في ضل زمن تمكين المرأه .. فاز النصر   #الهلال_النصر,Women empowerment,في ضل زمن تمكين المراه .. فاز النصر #الهلال النصر,Women empowerment,None,1,Neutral,1,No,0,,,Not clear,Target: Women empowerment Text: في ضل زمن تمكين المراه .. فاز النصر #الهلال النصر,,,,,,,,,1,2,0.0019292831,0.010231018,0.98779297,1,0.98779297,0.0710733221481834,None,Favor
3906,حين تقرر على فتح مشروع شخصي لاتنظر إلى رغبتك وشغفك تجاه ماينقصك في الحياة من مشاعر أو فنون بل انظر إلى رغبة عموم الناس التي لاتتخطى عن الحاجات الأولية والأساسية كالطعام  خاصة في زمن الأزمة ..#تمكين_المرأة   ,Women empowerment,حين تقرر علي فتح مشروع شخصي لاتنظر الي رغبتك وشغفك تجاه ماينقصك في الحياة من مشاعر او فنون بل انظر الي رغبة عموم الناس التي لاتتخطي عن الحاجات الاولية والاساسية كالطعام خاصة في زمن الازمة ..#تمكين المراة,Women empowerment,None,1,Neutral,1,No,0,,,Not clear,Target: Women empowerment Text: حين تقرر علي فتح مشروع شخصي لاتنظر الي رغبتك وشغفك تجاه ماينقصك في الحياة من مشاعر او فنون بل انظر الي رغبة عموم الناس التي لاتتخطي عن الحاجات الاولية والاساسية كالطعام خاصة في زمن الازمة ..#تمكين المراة,,,,,,,,,1,2,0.0007443428,0.4951172,0.50390625,1,0.50390625,0.6987692065395958,None,Favor
3927, في سباق مع الزمن .. #السعودية تتخطى حاجز 3 ملايين جرعة من #لقاح_كورونا  تم تقديمها للمواطنين والمقيمين على أرضها ، ولازالت الحملة مستمرة على أمل تطعيم اكبر عدد ممكن و الحصول على المناعة المجتمعية بإذن الله ، وانتهاء هذا الوباء . #كورونا ((منقول)),Covid Vaccine,في سباق مع الزمن .. #السعودية تتخطي حاجز 3 ملايين جرعة من #لقاح كورونا تم تقديمها للمواطنين والمقيمين علي ارضها ، ولازالت الحملة مستمرة علي امل تطعيم اكبر عدد ممكن و الحصول علي المناعة المجتمعية باذن الله ، وانتهاء هذا الوباء . #كورونا ((منقول)),Covid Vaccine,None,1,Positive,2,No,0,,,Not clear,Target: Covid Vaccine Text: في سباق مع الزمن .. #السعودية تتخطي حاجز 3 ملايين جرعة من #لقاح كورونا تم تقديمها للمواطنين والمقيمين علي ارضها ، ولازالت الحملة مستمرة علي امل تطعيم اكبر عدد ممكن و الحصول علي المناعة المجتمعية باذن الله ، وانتهاء هذا الوباء . #كورونا ((منقول)),,,,,,,,,1,2,0.00063991547,0.00415802,0.9951172,1,0.9951172,0.03237415363532,None,Favor
3929, فكرة التحول التقني ستزداد كل سنة من بعد كورونا..,Digital Transformation,فكرة التحول التقني ستزداد كل سنة من بعد كورونا..,Digital Transformation,None,1,Neutral,1,No,0,,,Not Related,Target: Digital Transformation Text: فكرة التحول التقني ستزداد كل سنة من بعد كورونا..,,,,,,,,,1,2,0.09118652,0.005218506,0.9038086,1,0.9038086,0.3372130547392744,None,Favor
4036, لجنه ما معها حل غير الحظر الحين اكل لبلدان تسارع بكثره تطعيم ...كثير اعرف اشخاص راحو يريدو ياخذو لقاح ويقول حقهم مخلص او باقي كم جرعه نريدهم حق كبار السن ..دول مجاوره مثل السعوديه والامارات في اليوم الواحد تطعيم فوق ٢٠الف شخص,Covid Vaccine,لجنه ما معها حل غير الحظر الحين اكل لبلدان تسارع بكثره تطعيم ..كثير اعرف اشخاص راحو يريدو ياخذو لقاح ويقول حقهم مخلص او باقي كم جرعه نريدهم حق كبار السن ..دول مجاوره مثل السعوديه والامارات في اليوم الواحد تطعيم فوق ٢٠الف شخص,Covid Vaccine,None,1,Neutral,1,No,0,,,Not clear,Target: Covid Vaccine Text: لجنه ما معها حل غير الحظر الحين اكل لبلدان تسارع بكثره تطعيم ..كثير اعرف اشخاص راحو يريدو ياخذو لقاح ويقول حقهم مخلص او باقي كم جرعه نريدهم حق كبار السن ..دول مجاوره مثل السعوديه والامارات في اليوم الواحد تطعيم فوق ٢٠الف شخص,,,,,,,,,1,2,0.31201172,0.0021781921,0.68603516,1,0.68603516,0.6352714478338042,None,Favor
4060,#صوتك_لتوكلنا توكلنا تطبيق أحدث نقله نوعيه في المجال التقني و أكد على حرص المملكة على التحول في جميع المجالات,Digital Transformation,#صوتك لتوكلنا توكلنا تطبيق احدث نقله نوعيه في المجال التقني و اكد علي حرص المملكة علي التحول في جميع المجالات,Digital Transformation,None,1,Neutral,1,No,0,,,Not clear,Target: Digital Transformation Text: #صوتك لتوكلنا توكلنا تطبيق احدث نقله نوعيه في المجال التقني و اكد علي حرص المملكة علي التحول في جميع المجالات,,,,,,,,,1,2,0.0023956299,0.00063085556,0.9970703,1,0.9970703,0.0220293136749648,None,Favor
4090,#الشعب_أقوي المبادرة تطلق مشروع ”الفرق الشعبية لمكافحة العدوى“ • المبادرة توفر دورات للطلاب لسد فجوة التحول للتعليم الالكتروني,Digital Transformation,#الشعب اقوي المبادرة تطلق مشروع ”الفرق الشعبية لمكافحة العدوي“ • المبادرة توفر دورات للطلاب لسد فجوة التحول للتعليم الالكتروني,Digital Transformation,None,1,Neutral,1,No,0,,,Not clear,Target: Digital Transformation Text: #الشعب اقوي المبادرة تطلق مشروع ”الفرق الشعبية لمكافحة العدوي“ • المبادرة توفر دورات للطلاب لسد فجوة التحول للتعليم الالكتروني,,,,,,,,,1,2,0.00074243546,0.06756592,0.9316406,1,0.9316406,0.2533840437585197,None,Favor
1227,على الرغم من التحول الوطني الكامل للتعاملات الالكترونية  اي ان المراسلات اصبحت تتم عن طريق البريد الالكتروني  إلا انني الاحظ ان الهاتف المكتبي المباشر واجهزة الفاكس  مازالت تستخدم في الادارات المختلفة. إلغاء الهاتف والفاكس  سيوفر مبالغ سنويلة طائلة على خزينة الدولة.,Digital Transformation,على الرغم من التحول الوطني الكامل للتعاملات الالكترونية  اي ان المراسلات اصبحت تتم عن طريق البريد الالكتروني  إلا انني الاحظ ان الهاتف المكتبي المباشر واجهزة الفاكس  مازالت تستخدم في الادارات المختلفة. إلغاء الهاتف والفاكس  سيوفر مبالغ سنويلة طائلة على خزينة الدولة.,Digital Transformation,None,1,Neutral,1,No,0,,,Not clear,Target: Digital Transformation Text: على الرغم من التحول الوطني الكامل للتعاملات الالكترونية  اي ان المراسلات اصبحت تتم عن طريق البريد الالكتروني  إلا انني الاحظ ان الهاتف المكتبي المباشر واجهزة الفاكس  مازالت تستخدم في الادارات المختلفة. إلغاء الهاتف والفاكس  سيوفر مبالغ سنويلة طائلة على خزينة الدولة.,,على الرغم من التحول الوطني الكامل للتعاملات الالكترونية  اي ان المراسلات اصبحت تتم عن طريق البريد الالكتروني  إلا انني الاحظ ان الهاتف المكتبي المباشر واجهزة الفاكس  مازالت تستخدم في الادارات المختلفة. إلغاء الهاتف والفاكس  سيوفر مبالغ سنويلة طائلة على خزينة الدولة.,Digital Transformation,1.0,1.0,0.7546,2020-09-14 09:13:33+00:00,14/09/2020,1,2,0.0014419556,0.00043153763,0.9980469,1,0.9980469,0.0147277325649934,None,Favor
1328,مستحيل نستغنى عن وسائل التواصل الإجتماعي مهما كان وخصوصا ونحن  في عصر التحول الإلكتروني في كل المجالات ولكن نستطيع نقنن استخدامها حتى لو قفل الجوال لفترة أو لساعات محددة من اليوم 😎😎😎😎 #برنامج_جونا_غير,Digital Transformation,مستحيل نستغنى عن وسائل التواصل الإجتماعي مهما كان وخصوصا ونحن  في عصر التحول الإلكتروني في كل المجالات ولكن نستطيع نقنن استخدامها حتى لو قفل الجوال لفترة أو لساعات محددة من اليوم 😎😎😎😎 #برنامج_جونا_غير,Digital Transformation,None,1,Neutral,1,No,0,,,Not clear,Target: Digital Transformation Text: مستحيل نستغنى عن وسائل التواصل الإجتماعي مهما كان وخصوصا ونحن  في عصر التحول الإلكتروني في كل المجالات ولكن نستطيع نقنن استخدامها حتى لو قفل الجوال لفترة أو لساعات محددة من اليوم 😎😎😎😎 #برنامج_جونا_غير,,مستحيل نستغنى عن وسائل التواصل الإجتماعي مهما كان وخصوصا ونحن  في عصر التحول الإلكتروني في كل المجالات ولكن نستطيع نقنن استخدامها حتى لو قفل الجوال لفترة أو لساعات محددة من اليوم 😎😎😎😎 #برنامج_جونا_غير,Digital Transformation,0.6271,1.0,1.0,2021-10-06 10:42:09+00:00,06/10/2021,1,2,0.014671326,0.003282547,0.9819336,1,0.9819336,0.0986158311596786,None,Favor
1008,مستحيل نستغنى عن وسائل التواصل الإجتماعي مهما كان وخصوصا ونحن  في عصر التحول الإلكتروني في كل المجالات ولكن نستطيع نقنن استخدامها حتى لو قفل الجوال لفترة أو لساعات محددة من اليوم 😎😎😎😎 #برنامج_جونا_غير,Digital Transformation,مستحيل نستغني عن وسائل التواصل الاجتماعي مهما كان وخصوصا ونحن في عصر التحول الالكتروني في كل المجالات ولكن نستطيع نقنن استخدامها حتي لو قفل الجوال لفترة او لساعات محددة من اليوم 😎😎 #برنامج جونا غير,Digital Transformation,None,1,Neutral,1,No,0,,,Not clear,Target: Digital Transformation Text: مستحيل نستغني عن وسائل التواصل الاجتماعي مهما كان وخصوصا ونحن في عصر التحول الالكتروني في كل المجالات ولكن نستطيع نقنن استخدامها حتي لو قفل الجوال لفترة او لساعات محددة من اليوم 😎😎 #برنامج جونا غير,,,,,,,,,1,2,0.0014753342,0.002035141,0.99658203,1,0.99658203,0.0256417908270487,None,Favor
1227,على الرغم من التحول الوطني الكامل للتعاملات الالكترونية  اي ان المراسلات اصبحت تتم عن طريق البريد الالكتروني  إلا انني الاحظ ان الهاتف المكتبي المباشر واجهزة الفاكس  مازالت تستخدم في الادارات المختلفة. إلغاء الهاتف والفاكس  سيوفر مبالغ سنويلة طائلة على خزينة الدولة.,Digital Transformation,علي الرغم من التحول الوطني الكامل للتعاملات الالكترونية اي ان المراسلات اصبحت تتم عن طريق البريد الالكتروني الا انني الاحظ ان الهاتف المكتبي المباشر واجهزة الفاكس مازالت تستخدم في الادارات المختلفة. الغاء الهاتف والفاكس سيوفر مبالغ سنويلة طائلة علي خزينة الدولة.,Digital Transformation,None,1,Neutral,1,No,0,,,Not clear,Target: Digital Transformation Text: علي الرغم من التحول الوطني الكامل للتعاملات الالكترونية اي ان المراسلات اصبحت تتم عن طريق البريد الالكتروني الا انني الاحظ ان الهاتف المكتبي المباشر واجهزة الفاكس مازالت تستخدم في الادارات المختلفة. الغاء الهاتف والفاكس سيوفر مبالغ سنويلة طائلة علي خزينة الدولة.,,,,,,,,,1,2,0.0009069443,0.0004310608,0.99853516,1,0.99853516,0.0111577037907732,None,Favor
22, وين تمكين المرأة؟,Women empowerment,وين تمكين المراة؟,Women empowerment,None,1,Negative,0,No,0,,,Not clear,Target: Women empowerment Text: وين تمكين المراة؟,,,,,,,,,1,2,0.009590149,0.10131836,0.88916016,2,0.88916016,0.3809894064917441,None,Favor
26,    كلامك غير صحيح   وهناك أجانب يستلمون ٥٠ و ١٠٠ ألف في الشهر ! وهذا تخصصه مطلوب ومهم في القطاع العام والخاص خصوصاً مع التحول للتعامل الالكتروني  أنا أتعجب اذا هذا ما لقى وظيفة أجل وشلون حال أصحاب أهل الاخصصات النظر,Digital Transformation,كلامك غير صحيح وهناك اجانب يستلمون ٥٠ و ١٠٠ الف في الشهر ! وهذا تخصصه مطلوب ومهم في القطاع العام والخاص خصوصاً مع التحول للتعامل الالكتروني انا اتعجب اذا هذا ما لقي وظيفة اجل وشلون حال اصحاب اهل الاخصصات النظر,Digital Transformation,None,1,Neutral,1,No,0,,,Not clear,Target: Digital Transformation Text: كلامك غير صحيح وهناك اجانب يستلمون ٥٠ و ١٠٠ الف في الشهر ! وهذا تخصصه مطلوب ومهم في القطاع العام والخاص خصوصاً مع التحول للتعامل الالكتروني انا اتعجب اذا هذا ما لقي وظيفة اجل وشلون حال اصحاب اهل الاخصصات النظر,,,,,,,,,1,2,0.0009498596,0.0009765625,0.9980469,2,0.9980469,0.0153304663733271,None,Favor
57,كما بدأت جامعة طرابلس شراكة مع منصة Coursera  وأطلقت كلية تقنية المعلومات منصة إلكترونية لطلبتها.   لكن تظل مشاكل الكهرباء والإنترنت من أبرز التحديات التي تواجه التحول لهذا الاتجاه!  - شاركنا برأيك حول مستقبل التعليم الإلكتروني في ليبيا.,Digital Transformation,كما بدات جامعة طرابلس شراكة مع منصة Coursera واطلقت كلية تقنية المعلومات منصة الكترونية لطلبتها. لكن تظل مشاكل الكهرباء والانترنت من ابرز التحديات التي تواجه التحول لهذا الاتجاه! - شاركنا برايك حول مستقبل التعليم الالكتروني في ليبيا.,Digital Transformation,None,1,Neutral,1,No,0,,,Not clear,Target: Digital Transformation Text: كما بدات جامعة طرابلس شراكة مع منصة Coursera واطلقت كلية تقنية المعلومات منصة الكترونية لطلبتها. لكن تظل مشاكل الكهرباء والانترنت من ابرز التحديات التي تواجه التحول لهذا الاتجاه! - شاركنا برايك حول مستقبل التعليم الالكتروني في ليبيا.,,,,,,,,,1,2,0.0009007454,0.019073486,0.97998047,2,0.97998047,0.1016547045284321,None,Favor
94,"أول دولة خليجية تلغي كافة إجراءات كورونا.. لا كمامة لا تطعيم لا ""بي سي آر"" URL #جريدة_الرؤية #سلطنة_عمان",Covid Vaccine,"اول دولة خليجية تلغي كافة اجراءات كورونا.. لا كمامة لا تطعيم لا ""بي سي ار"" #جريدة الرؤية #سلطنة عمان",Covid Vaccine,None,1,Neutral,1,No,0,,,Not clear,"Target: Covid Vaccine Text: اول دولة خليجية تلغي كافة اجراءات كورونا.. لا كمامة لا تطعيم لا ""بي سي ار"" #جريدة الرؤية #سلطنة عمان",,,,,,,,,1,2,0.000849247,0.083984375,0.91503906,2,0.91503906,0.2952898849937623,None,Favor
244, فهمو التحول الالكتروني للدوله خطأ 😂😂,Digital Transformation,فهمو التحول الالكتروني للدوله خطا 😂😂,Digital Transformation,None,1,Neutral,1,No,0,,,Not clear,Target: Digital Transformation Text: فهمو التحول الالكتروني للدوله خطا 😂😂,,,,,,,,,1,2,0.004837036,0.08416748,0.9111328,2,0.9111328,0.3188945025916161,None,Favor
329, ماتحتاج شي بس شهاده تطعيم كورونا ثلاث جرعات بس,Covid Vaccine,ماتحتاج شي بس شهاده تطعيم كورونا ثلاث جرعات بس,Covid Vaccine,None,1,Neutral,1,No,0,,,Not clear,Target: Covid Vaccine Text: ماتحتاج شي بس شهاده تطعيم كورونا ثلاث جرعات بس,,,,,,,,,1,2,0.0016031265,0.035308838,0.9628906,2,0.9628906,0.1647889747722558,None,Favor
396,معلومه مش مهمه خالص بس النهارده اخدت اول جرعه تطعيم كورونا,Covid Vaccine,معلومه مش مهمه خالص بس النهارده اخدت اول جرعه تطعيم كورونا,Covid Vaccine,None,1,Neutral,1,No,0,,,Not clear,Target: Covid Vaccine Text: معلومه مش مهمه خالص بس النهارده اخدت اول جرعه تطعيم كورونا,,,,,,,,,1,2,0.0004386902,0.00082445145,0.99853516,2,0.99853516,0.0107098536200801,None,Favor
438,بحضور رئيس المجلس الإشرافي لمركز جمعية البر بالجبيل #الأحساء أ.حسين اليحيى ومدير المركز أ.حبيب العيسى ومدراء الأقسام في المركز تم التعريف ب #نظام_رافد_الإلكتروني وأهمية #التحول_الرقمي في العمل الخيري ضمن مبادرة تشجيع الجمعيات الخيرية على #رقمنة_العمل_الخيري ل  URL,Digital Transformation,بحضور رئيس المجلس الاشرافي لمركز جمعية البر بالجبيل #الاحساء ا.حسين اليحيي ومدير المركز ا.حبيب العيسي ومدراء الاقسام في المركز تم التعريف ب #نظام رافد الالكتروني واهمية #التحول الرقمي في العمل الخيري ضمن مبادرة تشجيع الجمعيات الخيرية علي #رقمنة العمل الخيري ل,Digital Transformation,None,1,Neutral,1,No,0,,,Not clear,Target: Digital Transformation Text: بحضور رئيس المجلس الاشرافي لمركز جمعية البر بالجبيل #الاحساء ا.حسين اليحيي ومدير المركز ا.حبيب العيسي ومدراء الاقسام في المركز تم التعريف ب #نظام رافد الالكتروني واهمية #التحول الرقمي في العمل الخيري ضمن مبادرة تشجيع الجمعيات الخيرية علي #رقمنة العمل الخيري ل,,,,,,,,,1,2,0.0005197525,0.0010852814,0.99853516,2,0.99853516,0.0128022566686665,None,Favor
482,التحول الرقمي اللي صار في السعودية في خمس سنوات شي مش طبيعي  مدري اصلا وش اللي باقي عندنا ماصار رقمي URL,Digital Transformation,التحول الرقمي اللي صار في السعودية في خمس سنوات شي مش طبيعي مدري اصلا وش اللي باقي عندنا ماصار رقمي,Digital Transformation,None,1,Neutral,1,No,0,,,Not Related,Target: Digital Transformation Text: التحول الرقمي اللي صار في السعودية في خمس سنوات شي مش طبيعي مدري اصلا وش اللي باقي عندنا ماصار رقمي,,,,,,,,,1,2,0.0033512115,0.02684021,0.96972656,2,0.96972656,0.1460111242851798,None,Favor
641,منتدى الفكر العربي يناقش تمكين المرأة والشباب في الأردن URL  #الأردن #جريدة_الدستور_الاردنية #مصلحتك_في_اللقاح URL,Women empowerment,منتدي الفكر العربي يناقش تمكين المراة والشباب في الاردن #الاردن #جريدة الدستور الاردنية #مصلحتك في اللقاح,Women empowerment,None,1,Neutral,1,No,0,,,Not clear,Target: Women empowerment Text: منتدي الفكر العربي يناقش تمكين المراة والشباب في الاردن #الاردن #جريدة الدستور الاردنية #مصلحتك في اللقاح,,,,,,,,,1,2,0.0003836155,0.0003888607,0.99902344,2,0.99902344,0.0070469993301579,None,Favor
669,هناك فرق بين حملة التطعيم وحملة التوعية بفوائد التطعيم ... التطعيم حق اختياري وأي مساس بحرية الوالدين في أخذ أبنائهم تطعيم كورونا من عدمه سيلحق المسؤوليه بمرتكب الخطأ لذا جرى التنبيه..     URL,Covid Vaccine,هناك فرق بين حملة التطعيم وحملة التوعية بفوائد التطعيم .. التطعيم حق اختياري واي مساس بحرية الوالدين في اخذ ابنائهم تطعيم كورونا من عدمه سيلحق المسؤوليه بمرتكب الخطا لذا جري التنبيه..,Covid Vaccine,None,1,Neutral,1,No,0,,,Not clear,Target: Covid Vaccine Text: هناك فرق بين حملة التطعيم وحملة التوعية بفوائد التطعيم .. التطعيم حق اختياري واي مساس بحرية الوالدين في اخذ ابنائهم تطعيم كورونا من عدمه سيلحق المسؤوليه بمرتكب الخطا لذا جري التنبيه..,,,,,,,,,1,2,0.07507324,0.026397705,0.8984375,2,0.8984375,0.3865493374569314,None,Favor
735,14- Gunjan Saxena  بالإصرار والصبر تتحقق الأمنيات  لكن في عصر تمكين المرأة  هل يوجد عائق نحو تحقيق الأهداف؟! URL,Women empowerment,14- Gunjan Saxena بالاصرار والصبر تتحقق الامنيات لكن في عصر تمكين المراة هل يوجد عائق نحو تحقيق الاهداف؟!,Women empowerment,None,1,Neutral,1,No,0,,,Not clear,Target: Women empowerment Text: 14- Gunjan Saxena بالاصرار والصبر تتحقق الامنيات لكن في عصر تمكين المراة هل يوجد عائق نحو تحقيق الاهداف؟!,,,,,,,,,1,2,0.00093746185,0.0004632473,0.99853516,2,0.99853516,0.011556529300589,None,Favor
809,دافع عن  حملة تطعيم #كورونا   وتاخذ  ترخيص #مستشفي,Covid Vaccine,دافع عن حملة تطعيم #كورونا وتاخذ ترخيص #مستشفي,Covid Vaccine,None,1,Positive,2,Yes,1,,,Not clear,Target: Covid Vaccine Text: دافع عن حملة تطعيم #كورونا وتاخذ ترخيص #مستشفي,,,,,,,,,1,2,0.00039577484,0.00055360794,0.99902344,2,0.99902344,0.0082283820635391,None,Favor
818,وضع الصحوي و هو كل مرة يشوف قرارت الحكومة في تمكين المرأة و الفنون URL,Women empowerment,وضع الصحوي و هو كل مرة يشوف قرارت الحكومة في تمكين المراة و الفنون,Women empowerment,None,1,Neutral,1,No,0,,,Not clear,Target: Women empowerment Text: وضع الصحوي و هو كل مرة يشوف قرارت الحكومة في تمكين المراة و الفنون,,,,,,,,,1,2,0.0027313232,0.03604126,0.9614258,2,0.9614258,0.1737117595178983,None,Favor
829,مع التحول الرقمي في معظم المجالات في مؤسسات الدولة و القطاع الخاص تصبح الحاجة ملحه لحماية كل هذه الأنظمة من عبث العابثين من خلال الهجمات الإلكترونية و التي تفوق أضرارها الهجوم التقليدي.    #مركز_الدفاع_الالكتروني URL,Digital Transformation,مع التحول الرقمي في معظم المجالات في مؤسسات الدولة و القطاع الخاص تصبح الحاجة ملحه لحماية كل هذه الانظمة من عبث العابثين من خلال الهجمات الالكترونية و التي تفوق اضرارها الهجوم التقليدي. #مركز الدفاع الالكتروني,Digital Transformation,None,1,Positive,2,No,0,,,Not clear,Target: Digital Transformation Text: مع التحول الرقمي في معظم المجالات في مؤسسات الدولة و القطاع الخاص تصبح الحاجة ملحه لحماية كل هذه الانظمة من عبث العابثين من خلال الهجمات الالكترونية و التي تفوق اضرارها الهجوم التقليدي. #مركز الدفاع الالكتروني,,,,,,,,,1,2,0.00048470497,0.00043964386,0.99902344,2,0.99902344,0.0080735841246242,None,Favor
1049,تضمن المهرجان ايضاً كلمتين مقدمة من قبل منسقة المركز ومن مسؤولة قسم تمكين المرأة  وكذلك فقرات موسيقية ترفيهية كالعزف على العود وعرض من قبل فرقة جمار.,Women empowerment,تضمن المهرجان ايضاً كلمتين مقدمة من قبل منسقة المركز ومن مسؤولة قسم تمكين المراة وكذلك فقرات موسيقية ترفيهية كالعزف علي العود وعرض من قبل فرقة جمار.,Women empowerment,None,1,Neutral,1,No,0,,,Not clear,Target: Women empowerment Text: تضمن المهرجان ايضاً كلمتين مقدمة من قبل منسقة المركز ومن مسؤولة قسم تمكين المراة وكذلك فقرات موسيقية ترفيهية كالعزف علي العود وعرض من قبل فرقة جمار.,,,,,,,,,1,2,0.0019216537,0.014282227,0.9838867,2,0.9838867,0.0886833541206113,None,Favor
1212,بين ايديكم استبان لبحث بعنوان (مدى الوعي الاجتماعي بقيمة عمل المرأة وعلاقته بواقع تمكين المرأة في ظل أهداف التنمية المستدامة. شاركوا ولكم الأجر                                                                                                               URL,Women empowerment,بين ايديكم استبان لبحث بعنوان (مدي الوعي الاجتماعي بقيمة عمل المراة وعلاقته بواقع تمكين المراة في ظل اهداف التنمية المستدامة. شاركوا ولكم الاجر,Women empowerment,None,1,Neutral,1,No,0,,,Not clear,Target: Women empowerment Text: بين ايديكم استبان لبحث بعنوان (مدي الوعي الاجتماعي بقيمة عمل المراة وعلاقته بواقع تمكين المراة في ظل اهداف التنمية المستدامة. شاركوا ولكم الاجر,,,,,,,,,1,2,0.0009355545,0.0005288124,0.99853516,2,0.99853516,0.0119784953337046,None,Favor
1224,اليوم تم إستضافة أ.أحمد عماش و أ.عبدالله الجهني بمقر الجمعية وحوار ثري تم فيه شرح اهداف الجمعية ودورها في المجتمع وسعيها الحثيث في توطيد الاستقرار والأمان الاسري بالمنطقة وبحث سُبل #تمكين المرأه بالمجتمع✨ URL,Women empowerment,اليوم تم استضافة ا.احمد عماش و ا.عبدالله الجهني بمقر الجمعية وحوار ثري تم فيه شرح اهداف الجمعية ودورها في المجتمع وسعيها الحثيث في توطيد الاستقرار والامان الاسري بالمنطقة وبحث سُبل #تمكين المراه بالمجتمع✨,Women empowerment,None,1,Positive,2,No,0,,,Not clear,Target: Women empowerment Text: اليوم تم استضافة ا.احمد عماش و ا.عبدالله الجهني بمقر الجمعية وحوار ثري تم فيه شرح اهداف الجمعية ودورها في المجتمع وسعيها الحثيث في توطيد الاستقرار والامان الاسري بالمنطقة وبحث سُبل #تمكين المراه بالمجتمع✨,,,,,,,,,1,2,0.00073719025,0.0010290146,0.9980469,2,0.9980469,0.0143470469676436,None,Favor
1237, للأسف موضوع التحول الإلكتروني إن لم يجد اهتمام شخصي من مجلس الوزراء والضغط على الجهات الحكومية لتتحول بشكل صحيح ويتم محاسبة المقصرين ما راح يكون هناك تحول حقيقي,Digital Transformation,للاسف موضوع التحول الالكتروني ان لم يجد اهتمام شخصي من مجلس الوزراء والضغط علي الجهات الحكومية لتتحول بشكل صحيح ويتم محاسبة المقصرين ما راح يكون هناك تحول حقيقي,Digital Transformation,None,1,Neutral,1,No,0,,,Not clear,Target: Digital Transformation Text: للاسف موضوع التحول الالكتروني ان لم يجد اهتمام شخصي من مجلس الوزراء والضغط علي الجهات الحكومية لتتحول بشكل صحيح ويتم محاسبة المقصرين ما راح يكون هناك تحول حقيقي,,,,,,,,,1,2,0.00038266182,0.00083732605,0.99902344,2,0.99902344,0.0099197073221961,None,Favor
1364,انطلاق حملة تطعيم ثالثة ضد فيروس كورونا في الهند URL,Covid Vaccine,انطلاق حملة تطعيم ثالثة ضد فيروس كورونا في الهند,Covid Vaccine,None,1,Neutral,1,No,0,,,Not clear,Target: Covid Vaccine Text: انطلاق حملة تطعيم ثالثة ضد فيروس كورونا في الهند,,,,,,,,,1,2,0.0020999908,0.022949219,0.97509766,2,0.97509766,0.1241590107253073,None,Favor
1700,رغم التحول التقني اللي قاعد يصير هالأيام وبشكل رهيب؛ إلا أني لازلت أحب البساطة بالأشياء  ما قدرت أستغني عن الورقة والقلم  ماقدرت أستغني عن لوحة المغناطيس بغرفتي أحط عليها ملاحظاتي وأرتب فيها مهامي بطريقة بسيطة ولطيفة  هالأشياء كانت ولازالت من أكثر الأمور اللي تحمسني وتحفزني ♥️,Digital Transformation,رغم التحول التقني اللي قاعد يصير هالايام وبشكل رهيب؛ الا اني لازلت احب البساطة بالاشياء ما قدرت استغني عن الورقة والقلم ماقدرت استغني عن لوحة المغناطيس بغرفتي احط عليها ملاحظاتي وارتب فيها مهامي بطريقة بسيطة ولطيفة هالاشياء كانت ولازالت من اكثر الامور اللي تحمسني وتحفزني ♥️,Digital Transformation,None,1,Negative,0,Yes,1,,,Not clear,Target: Digital Transformation Text: رغم التحول التقني اللي قاعد يصير هالايام وبشكل رهيب؛ الا اني لازلت احب البساطة بالاشياء ما قدرت استغني عن الورقة والقلم ماقدرت استغني عن لوحة المغناطيس بغرفتي احط عليها ملاحظاتي وارتب فيها مهامي بطريقة بسيطة ولطيفة هالاشياء كانت ولازالت من اكثر الامور اللي تحمسني وتحفزني ♥️,,,,,,,,,1,2,0.0010089874,0.0013418198,0.9975586,2,0.9975586,0.0182736596131808,None,Favor
1819,#منظمة_الصحة_العالمية 🇺🇳 ... الوباء لن ينتهي قبل تطعيم 70 % من سكان العالم.  #لقاح_كورونا #كورونا_حول_العالم,Covid Vaccine,#منظمة الصحة العالمية 🇺🇳 .. الوباء لن ينتهي قبل تطعيم 70 % من سكان العالم. #لقاح كورونا #كورونا حول العالم,Covid Vaccine,None,1,Neutral,1,No,0,,,Not clear,Target: Covid Vaccine Text: #منظمة الصحة العالمية 🇺🇳 .. الوباء لن ينتهي قبل تطعيم 70 % من سكان العالم. #لقاح كورونا #كورونا حول العالم,,,,,,,,,1,2,0.00067806244,0.0007786751,0.99853516,2,0.99853516,0.0119847855143283,None,Favor
2216,"في ظل ابتكار تقنيات جديدة لتقديم الخدمات بشكل عام حول العالم   بدأت المملكة و بالخصوص في المجالات القانونية و الحقوقية و الإدارية بتطبيق هذا التحول التقني تدريجيًا   ستختفي مهنة ""المعقب"" وستقل المحاماة التقليدية المقتصرة على الترافع فقط",Digital Transformation,"في ظل ابتكار تقنيات جديدة لتقديم الخدمات بشكل عام حول العالم بدات المملكة و بالخصوص في المجالات القانونية و الحقوقية و الادارية بتطبيق هذا التحول التقني تدريجيًا ستختفي مهنة ""المعقب"" وستقل المحاماة التقليدية المقتصرة علي الترافع فقط",Digital Transformation,None,1,Neutral,1,No,0,,,Not clear,"Target: Digital Transformation Text: في ظل ابتكار تقنيات جديدة لتقديم الخدمات بشكل عام حول العالم بدات المملكة و بالخصوص في المجالات القانونية و الحقوقية و الادارية بتطبيق هذا التحول التقني تدريجيًا ستختفي مهنة ""المعقب"" وستقل المحاماة التقليدية المقتصرة علي الترافع فقط",,,,,,,,,1,2,0.0005311966,0.0005645752,0.99902344,2,0.99902344,0.0092042109768623,None,Favor
2549,#عمان_تواجه_كورونا معادلة صعبة للغاية التزام المواطن والمقيم يتبعه برنامج تطعيم طموح وواضح والأهم من هذا نرفع اكف الضراعة لله ونرجو رحمته بأن يرفع عنا هذا الوباء ويرحمنا برحمته الواسعة اللهم اكشف عنا الضر وانت ارحم الراحمين اللهم اكشف عنا الضر وانت ارحم الراحمين ,Covid Vaccine,#عمان تواجه كورونا معادلة صعبة للغاية التزام المواطن والمقيم يتبعه برنامج تطعيم طموح وواضح والاهم من هذا نرفع اكف الضراعة لله ونرجو رحمته بان يرفع عنا هذا الوباء ويرحمنا برحمته الواسعة اللهم اكشف عنا الضر وانت ارحم الراحمين اللهم اكشف عنا الضر وانت ارحم الراحمين,Covid Vaccine,None,1,Negative,0,No,0,,,Not clear,Target: Covid Vaccine Text: #عمان تواجه كورونا معادلة صعبة للغاية التزام المواطن والمقيم يتبعه برنامج تطعيم طموح وواضح والاهم من هذا نرفع اكف الضراعة لله ونرجو رحمته بان يرفع عنا هذا الوباء ويرحمنا برحمته الواسعة اللهم اكشف عنا الضر وانت ارحم الراحمين اللهم اكشف عنا الضر وانت ارحم الراحمين,,,,,,,,,1,2,0.00055360794,0.0007276535,0.99853516,2,0.99853516,0.0108730977325913,None,Favor
2901, المقارنة غير منطقية   السوق الهندي والأمريكي بالضخامة التي يمكن فيها النجاح بإطلاق منتج رقمي وبناء قاعدة عملاء والتوسع (scalability) في قطاع الأعمال B2B   بينما عدد الشركات السعودية التي نجحت في رحلة التحول الرقمي محدود جدا   وبقية الشركات الصغ,Digital Transformation,المقارنة غير منطقية السوق الهندي والامريكي بالضخامة التي يمكن فيها النجاح باطلاق منتج رقمي وبناء قاعدة عملاء والتوسع (scalability) في قطاع الاعمال B2B بينما عدد الشركات السعودية التي نجحت في رحلة التحول الرقمي محدود جدا وبقية الشركات الصغ,Digital Transformation,None,1,Neutral,1,No,0,,,Not clear,Target: Digital Transformation Text: المقارنة غير منطقية السوق الهندي والامريكي بالضخامة التي يمكن فيها النجاح باطلاق منتج رقمي وبناء قاعدة عملاء والتوسع (scalability) في قطاع الاعمال B2B بينما عدد الشركات السعودية التي نجحت في رحلة التحول الرقمي محدود جدا وبقية الشركات الصغ,,,,,,,,,1,2,0.07562256,0.0039043427,0.92041016,2,0.92041016,0.2932447058968763,None,Favor
2946,بدء عمليات التحول الإلكتروني لخدمات وزارة الزراعة  #الأردن_اليوم URL,Digital Transformation,بدء عمليات التحول الالكتروني لخدمات وزارة الزراعة #الاردن اليوم,Digital Transformation,None,1,Neutral,1,No,0,,,Not clear,Target: Digital Transformation Text: بدء عمليات التحول الالكتروني لخدمات وزارة الزراعة #الاردن اليوم,,,,,,,,,1,2,0.0006227493,0.047698975,0.95166016,2,0.95166016,0.1968895210503266,None,Favor
2962,بالنسبه للي بياخذون تطعيم كورونا   أقولهم   انتم السابقون ..ونحن اللاحقون   بس مو الحين,Covid Vaccine,بالنسبه للي بياخذون تطعيم كورونا اقولهم انتم السابقون ..ونحن اللاحقون بس مو الحين,Covid Vaccine,None,1,Neutral,1,No,0,,,Not clear,Target: Covid Vaccine Text: بالنسبه للي بياخذون تطعيم كورونا اقولهم انتم السابقون ..ونحن اللاحقون بس مو الحين,,,,,,,,,1,2,0.034454346,0.048675537,0.9169922,2,0.9169922,0.3426351805257244,None,Favor
3223,   معاملاتنا يا اخوان متوقفه وين التحول الالكتروني اللي تنادو فيه؟,Digital Transformation,معاملاتنا يا اخوان متوقفه وين التحول الالكتروني اللي تنادو فيه؟,Digital Transformation,None,1,Neutral,1,No,0,,,Not clear,Target: Digital Transformation Text: معاملاتنا يا اخوان متوقفه وين التحول الالكتروني اللي تنادو فيه؟,,,,,,,,,1,2,0.0034446716,0.012817383,0.9838867,2,0.9838867,0.0913619930921129,None,Favor
3791,من أهم المؤشرات التي استند اليها المسح هو مؤشر رأس المال البشري والذي يعتبر الاداة الحقيقية في تفعيل #الحكومة الالكترونية واذا كان رأس المال البشري غير مؤهل وغير قابل للتغير فهذي اكبر معظلة تواجهها الحكومة للتحول الرقمي او التحول الي الحكومة الذكية,Digital Transformation,من اهم المؤشرات التي استند اليها المسح هو مؤشر راس المال البشري والذي يعتبر الاداة الحقيقية في تفعيل #الحكومة الالكترونية واذا كان راس المال البشري غير مؤهل وغير قابل للتغير فهذي اكبر معظلة تواجهها الحكومة للتحول الرقمي او التحول الي الحكومة الذكية,Digital Transformation,None,1,Neutral,1,No,0,,,Not clear,Target: Digital Transformation Text: من اهم المؤشرات التي استند اليها المسح هو مؤشر راس المال البشري والذي يعتبر الاداة الحقيقية في تفعيل #الحكومة الالكترونية واذا كان راس المال البشري غير مؤهل وغير قابل للتغير فهذي اكبر معظلة تواجهها الحكومة للتحول الرقمي او التحول الي الحكومة الذكية,,,,,,,,,1,2,0.057434082,0.21875,0.7236328,2,0.7236328,0.7306321664426678,None,Favor
3878,ابي اعرف بس ايش الدلاخه ذي موعد عشان اروح مركز شرطه ؟ ابي ادعس هالبقر فاهمين التحول الالكتروني غلط,Digital Transformation,ابي اعرف بس ايش الدلاخه ذي موعد عشان اروح مركز شرطه ؟ ابي ادعس هالبقر فاهمين التحول الالكتروني غلط,Digital Transformation,None,1,Neutral,1,No,0,,,Not clear,Target: Digital Transformation Text: ابي اعرف بس ايش الدلاخه ذي موعد عشان اروح مركز شرطه ؟ ابي ادعس هالبقر فاهمين التحول الالكتروني غلط,,,,,,,,,1,2,0.010658264,0.45703125,0.53222656,2,0.53222656,0.7419285716888974,None,Favor
4109,بفكر أطعم ... بس لسه خايفه ومتردده #تطعيم_كورونا,Covid Vaccine,بفكر اطعم .. بس لسه خايفه ومتردده #تطعيم كورونا,Covid Vaccine,None,1,Neutral,1,No,0,,,Not clear,Target: Covid Vaccine Text: بفكر اطعم .. بس لسه خايفه ومتردده #تطعيم كورونا,,,,,,,,,1,2,0.1862793,0.006454468,0.8071289,2,0.8071289,0.5185386860697139,None,Favor
91,   ثانيا انا ما قلت ان النظام الالكتروني او التحول الرقمي ما ينجح انا قلت يحتاج اشياء لدعمة اكثر.. و لتمهيد له.. الانتقال الالكتروني مجاله كبير و واسع التدريب الصح وتقوية الانترنت والشبكة الداخلية الرابطة كل الجهات مهمة ج,Digital Transformation,ثانيا انا ما قلت ان النظام الالكتروني او التحول الرقمي ما ينجح انا قلت يحتاج اشياء لدعمة اكثر.. و لتمهيد له.. الانتقال الالكتروني مجاله كبير و واسع التدريب الصح وتقوية الانترنت والشبكة الداخلية الرابطة كل الجهات مهمة ج,Digital Transformation,None,1,Neutral,1,No,0,,,Not clear,Target: Digital Transformation Text: ثانيا انا ما قلت ان النظام الالكتروني او التحول الرقمي ما ينجح انا قلت يحتاج اشياء لدعمة اكثر.. و لتمهيد له.. الانتقال الالكتروني مجاله كبير و واسع التدريب الصح وتقوية الانترنت والشبكة الداخلية الرابطة كل الجهات مهمة ج,,   ثانيا انا ما قلت ان النظام الالكتروني او التحول الرقمي ما ينجح انا قلت يحتاج اشياء لدعمة اكثر.. و لتمهيد له.. الانتقال الالكتروني مجاله كبير و واسع التدريب الصح وتقوية الانترنت والشبكة الداخلية الرابطة كل الجهات مهمة ج,Digital Transformation,0.559,1.0,0.661,2021-02-04 00:36:48+00:00,04/02/2021,1,2,0.00046634674,0.00037240982,0.99902344,2,0.99902344,0.0074936010673033,None,Favor
3, روح حلل محد يم تطعيم كورونا شف الحرم البارح مليونين بدون شرط تحصين😅,Covid Vaccine,روح حلل محد يم تطعيم كورونا شف الحرم البارح مليونين بدون شرط تحصين😅,Covid Vaccine,None,1,Neutral,1,Yes,1,,,Not clear,Target: Covid Vaccine Text: روح حلل محد يم تطعيم كورونا شف الحرم البارح مليونين بدون شرط تحصين😅,,,,,,,,,1,2,0.20153809,0.28955078,0.50878906,3,0.50878906,1.0254952544062526,None,Favor
37, تطلبون التحول الالكتروني  هذا هو,Digital Transformation,تطلبون التحول الالكتروني هذا هو,Digital Transformation,None,1,Neutral,1,No,0,,,Not clear,Target: Digital Transformation Text: تطلبون التحول الالكتروني هذا هو,,,,,,,,,1,2,0.21435547,0.10229492,0.68310547,3,0.68310547,0.8236903572975471,None,Favor
271,  *يتبع ٢ الجمعية واجبها تمكين المرأة(حتى المعاقات) لكن من ينقذ ويمكن المعاقات ماديا بائعات الشوارع والمديونات الإنجاز أن تؤهل وتمكن هؤلاء الفقيرات بمشاريع قابلة للإستمراية  لكن الإستمرارية شرطها إجتهاد وحضانة من الجمعية لهن لسنين حتى,Women empowerment,*يتبع ٢ الجمعية واجبها تمكين المراة(حتي المعاقات) لكن من ينقذ ويمكن المعاقات ماديا بائعات الشوارع والمديونات الانجاز ان تؤهل وتمكن هؤلاء الفقيرات بمشاريع قابلة للاستمراية لكن الاستمرارية شرطها اجتهاد وحضانة من الجمعية لهن لسنين حتي,Women empowerment,None,1,Neutral,1,No,0,,,Not clear,Target: Women empowerment Text: *يتبع ٢ الجمعية واجبها تمكين المراة(حتي المعاقات) لكن من ينقذ ويمكن المعاقات ماديا بائعات الشوارع والمديونات الانجاز ان تؤهل وتمكن هؤلاء الفقيرات بمشاريع قابلة للاستمراية لكن الاستمرارية شرطها اجتهاد وحضانة من الجمعية لهن لسنين حتي,,,,,,,,,1,2,0.25756836,0.14453125,0.59765625,3,0.59765625,0.9365820248334388,None,Favor
288, يسلمك ربي من كل شر يا بو يعقوب 🌷 هذا اللي أخذناه من تطعيم كورونا وأنا أختك 🤦🏻‍♀️ الله المستعان والحمدلله على كل حال,Covid Vaccine,يسلمك ربي من كل شر يا بو يعقوب 🌷 هذا اللي اخذناه من تطعيم كورونا وانا اختك 🤦🏻‍♀️ الله المستعان والحمدلله علي كل حال,Covid Vaccine,None,1,Neutral,1,No,0,,,Not clear,Target: Covid Vaccine Text: يسلمك ربي من كل شر يا بو يعقوب 🌷 هذا اللي اخذناه من تطعيم كورونا وانا اختك 🤦🏻‍♀️ الله المستعان والحمدلله علي كل حال,,,,,,,,,1,2,0.028686523,0.03616333,0.9350586,3,0.9350586,0.2847125213900016,None,Favor
309,"وجه معالي #وزير_العدل د. وليد الصمعاني بإطلاق خدمة "" التقاضي عن بعد"" وأقر دليلها الإجرائي  ضمن جهود الوزارة لاستكمال منظومة التحول الرقمي ودعم سرعة الإنجاز وجودة المخرجات  وتفعيل وتكامل مسار التقاضي الإلكتروني.  URL  #وزارة_العدل URL",Digital Transformation,"وجه معالي #وزير العدل د. وليد الصمعاني باطلاق خدمة "" التقاضي عن بعد"" واقر دليلها الاجرائي ضمن جهود الوزارة لاستكمال منظومة التحول الرقمي ودعم سرعة الانجاز وجودة المخرجات وتفعيل وتكامل مسار التقاضي الالكتروني. #وزارة العدل",Digital Transformation,None,1,Neutral,1,No,0,,,Not clear,"Target: Digital Transformation Text: وجه معالي #وزير العدل د. وليد الصمعاني باطلاق خدمة "" التقاضي عن بعد"" واقر دليلها الاجرائي ضمن جهود الوزارة لاستكمال منظومة التحول الرقمي ودعم سرعة الانجاز وجودة المخرجات وتفعيل وتكامل مسار التقاضي الالكتروني. #وزارة العدل",,,,,,,,,1,2,0.008979797,0.035827637,0.9550781,3,0.9550781,0.2054887264998643,None,Favor
480,  أين المفر #العمل_عن_بعد  #التعليم_عن_بُعد #التحول_الرقمي #التحول_الالكتروني #الثورة_الصناعية_الرابعة #انترنت_الاشياء #التجارة_الالكترونية #التخزين_السحابي #العملات_الرقمية #CloudComputing #VoIP #blockchain   #etc.,Digital Transformation,اين المفر #العمل عن بعد #التعليم عن بُعد #التحول الرقمي #التحول الالكتروني #الثورة الصناعية الرابعة #انترنت الاشياء #التجارة الالكترونية #التخزين السحابي #العملات الرقمية #CloudComputing #VoIP #blockchain #etc.,Digital Transformation,None,1,Neutral,1,No,0,,,Not clear,Target: Digital Transformation Text: اين المفر #العمل عن بعد #التعليم عن بُعد #التحول الرقمي #التحول الالكتروني #الثورة الصناعية الرابعة #انترنت الاشياء #التجارة الالكترونية #التخزين السحابي #العملات الرقمية #CloudComputing #VoIP #blockchain #etc.,,,,,,,,,1,2,0.13305664,0.19824219,0.66845703,3,0.66845703,0.8584244275324935,None,Favor
528,الأولى تطعيم الثانيه تعزيز الثالثه تنشيط الرابعه اتوقع تكثيف   #لقاح_كورونا,Covid Vaccine,الاولي تطعيم الثانيه تعزيز الثالثه تنشيط الرابعه اتوقع تكثيف #لقاح كورونا,Covid Vaccine,None,1,Neutral,1,No,0,,,Not clear,Target: Covid Vaccine Text: الاولي تطعيم الثانيه تعزيز الثالثه تنشيط الرابعه اتوقع تكثيف #لقاح كورونا,,,,,,,,,1,2,0.033477783,0.12805176,0.8383789,3,0.8383789,0.5247009571237443,None,Favor
575,  حلم الكثيرين استاذ سعود قد يأتي تدريجيا وعسى أن لا يطول الانتظار .. فنحن الآن نحاول الخروج من عنق زجاجة أحد التحديات الكبيرة وهي تسارع حاجة التحول الإلكتروني مقابل البنية التحتية للاتصالات...,Digital Transformation,حلم الكثيرين استاذ سعود قد ياتي تدريجيا وعسي ان لا يطول الانتظار .. فنحن الان نحاول الخروج من عنق زجاجة احد التحديات الكبيرة وهي تسارع حاجة التحول الالكتروني مقابل البنية التحتية للاتصالات..,Digital Transformation,None,1,Neutral,1,No,0,,,Not clear,Target: Digital Transformation Text: حلم الكثيرين استاذ سعود قد ياتي تدريجيا وعسي ان لا يطول الانتظار .. فنحن الان نحاول الخروج من عنق زجاجة احد التحديات الكبيرة وهي تسارع حاجة التحول الالكتروني مقابل البنية التحتية للاتصالات..,,,,,,,,,1,2,0.008766174,0.01890564,0.97216797,3,0.97216797,0.1439883250830655,None,Favor
996,والله التحول التقني في السعودية شي عجييب جدا 😀,Digital Transformation,والله التحول التقني في السعودية شي عجييب جدا 😀,Digital Transformation,None,1,Neutral,1,No,0,,,Not clear,Target: Digital Transformation Text: والله التحول التقني في السعودية شي عجييب جدا 😀,,,,,,,,,1,2,0.0435791,0.088012695,0.86816406,3,0.86816406,0.4731723663734879,None,Favor
2040,مبدئيا كل شخص حر تماما في أنه يحصل على التطعيم أو لا، حركات رفض التطعيم منتشرة في العالم كله من أول رفض تطعيم الأطفال لحد رفض تطعيم كورونا فدي مش حاجة جديدة، برضوا من حق الأطباء انهم يوافقوا أو يرفضوا انهم يتطعموا بشكل عام طالما موقفهم الشخصي ده مش هيتأثر بيه المرضى,Covid Vaccine,مبدئيا كل شخص حر تماما في انه يحصل علي التطعيم او لا، حركات رفض التطعيم منتشرة في العالم كله من اول رفض تطعيم الاطفال لحد رفض تطعيم كورونا فدي مش حاجة جديدة، برضوا من حق الاطباء انهم يوافقوا او يرفضوا انهم يتطعموا بشكل عام طالما موقفهم الشخصي ده مش هيتاثر بيه المرضي,Covid Vaccine,None,1,Neutral,1,No,0,,,,Target: Covid Vaccine Text: مبدئيا كل شخص حر تماما في انه يحصل علي التطعيم او لا، حركات رفض التطعيم منتشرة في العالم كله من اول رفض تطعيم الاطفال لحد رفض تطعيم كورونا فدي مش حاجة جديدة، برضوا من حق الاطباء انهم يوافقوا او يرفضوا انهم يتطعموا بشكل عام طالما موقفهم الشخصي ده مش هيتاثر بيه المرضي,,,,,,,,,1,2,0.123413086,0.32592773,0.55029297,3,0.55029297,0.9522904786461668,None,Favor
2057,  التحول الإلكتروني  أقترح أن تكون فيه جلسة مصارحة  وتقصي لحقيقة الواقع  ومدى فاعليته لدى المتعاملين معه!,Digital Transformation,التحول الالكتروني اقترح ان تكون فيه جلسة مصارحة وتقصي لحقيقة الواقع ومدي فاعليته لدي المتعاملين معه!,Digital Transformation,None,1,Negative,0,No,0,,,Not clear,Target: Digital Transformation Text: التحول الالكتروني اقترح ان تكون فيه جلسة مصارحة وتقصي لحقيقة الواقع ومدي فاعليته لدي المتعاملين معه!,,,,,,,,,1,2,0.16809082,0.32177734,0.5102539,3,0.5102539,1.0079326848862182,None,Favor
2083,  اصلاً هم سبب عدم التحول الالكتروني في المعاملات. ويوم راحوا واستلموها شباب الكويت صارت اغلب الجهات الحكومية عندهم معاملات الكترونية. فاقد الشي ء لا يعطيه,Digital Transformation,اصلاً هم سبب عدم التحول الالكتروني في المعاملات. ويوم راحوا واستلموها شباب الكويت صارت اغلب الجهات الحكومية عندهم معاملات الكترونية. فاقد الشي ء لا يعطيه,Digital Transformation,None,1,Neutral,1,No,0,,,Not clear,Target: Digital Transformation Text: اصلاً هم سبب عدم التحول الالكتروني في المعاملات. ويوم راحوا واستلموها شباب الكويت صارت اغلب الجهات الحكومية عندهم معاملات الكترونية. فاقد الشي ء لا يعطيه,,,,,,,,,1,2,0.03604126,0.0061683655,0.9580078,3,0.9580078,0.1922529293242595,None,Favor
2178,التحول إلى الاقتصاد الإلكتروني يحتاج إلى توفر البنية التحتية الفنية اولا والسيولة ثانيا. #الاقتصاد الرقمي,Digital Transformation,التحول الي الاقتصاد الالكتروني يحتاج الي توفر البنية التحتية الفنية اولا والسيولة ثانيا. #الاقتصاد الرقمي,Digital Transformation,None,1,Positive,2,No,0,,,Not clear,Target: Digital Transformation Text: التحول الي الاقتصاد الالكتروني يحتاج الي توفر البنية التحتية الفنية اولا والسيولة ثانيا. #الاقتصاد الرقمي,,,,,,,,,1,2,0.015274048,0.0803833,0.9042969,3,0.9042969,0.3574821937546127,None,Favor
3068,  أستاذه يبالنا قبل دورة الموظفين وبعدها تحول رقمي تراه اذا البعض متقاعس هل بيفيد التحول الإلكتروني,Digital Transformation,استاذه يبالنا قبل دورة الموظفين وبعدها تحول رقمي تراه اذا البعض متقاعس هل بيفيد التحول الالكتروني,Digital Transformation,None,1,Negative,0,No,0,,,Not clear,Target: Digital Transformation Text: استاذه يبالنا قبل دورة الموظفين وبعدها تحول رقمي تراه اذا البعض متقاعس هل بيفيد التحول الالكتروني,,,,,,,,,1,2,0.022323608,0.09185791,0.8857422,3,0.8857422,0.4116552370388579,None,Favor
3404,التحول الى التعليم الالكتروني  عن بعد لمدة 14 يوم URL,Digital Transformation,التحول الي التعليم الالكتروني عن بعد لمدة 14 يوم,Digital Transformation,None,1,Negative,0,No,0,,,Not clear,Target: Digital Transformation Text: التحول الي التعليم الالكتروني عن بعد لمدة 14 يوم,,,,,,,,,1,2,0.037353516,0.25854492,0.70410156,3,0.70410156,0.7195451486713469,None,Favor
3479,بم أنه كله هيتحول  رقمي في فكره عبقريه أننا نخلي كل حاجه في شريحه qr code مثلا ملزوقه علي قفا المواطن بحيث أنه ياخد المرتب يتلسع علي قفاه يدفع قسط علي قفاه يدفع اجره التباع ياكله علي قفاه كده يبقي سهلنا التحول الرقمي,Digital Transformation,بم انه كله هيتحول رقمي في فكره عبقريه اننا نخلي كل حاجه في شريحه qr code مثلا ملزوقه علي قفا المواطن بحيث انه ياخد المرتب يتلسع علي قفاه يدفع قسط علي قفاه يدفع اجره التباع ياكله علي قفاه كده يبقي سهلنا التحول الرقمي,Digital Transformation,None,1,Negative,0,No,0,,,Not clear,Target: Digital Transformation Text: بم انه كله هيتحول رقمي في فكره عبقريه اننا نخلي كل حاجه في شريحه qr code مثلا ملزوقه علي قفا المواطن بحيث انه ياخد المرتب يتلسع علي قفاه يدفع قسط علي قفاه يدفع اجره التباع ياكله علي قفاه كده يبقي سهلنا التحول الرقمي,,,,,,,,,1,2,0.053771973,0.29711914,0.6489258,3,0.6489258,0.7983854405730533,None,Favor
3495,الشرايح اللي في تطعيم كورونا اشتغلت يا رجالة URL,Covid Vaccine,الشرايح اللي في تطعيم كورونا اشتغلت يا رجالة,Covid Vaccine,None,1,Neutral,1,No,0,,,Not clear,Target: Covid Vaccine Text: الشرايح اللي في تطعيم كورونا اشتغلت يا رجالة,,,,,,,,,1,2,0.11004639,0.04711914,0.84277344,3,0.84277344,0.5309711798219238,None,Favor
4024,رقم قياسي اماراتي جديد يثبت مدي الدعم لحقوق الانسان داخل الوطن بقطع الإمارات شوطا كبيرا في مكافحة فيروس كورونا المستجد بعد تطعيم نحو 65% من سكانها المؤهلين ليبلغ معدل توزيع اللقاح 103.07 جرعة لكل 100 شخص بفعالية وامان ❤️🇦🇪👏 ,Covid Vaccine,رقم قياسي اماراتي جديد يثبت مدي الدعم لحقوق الانسان داخل الوطن بقطع الامارات شوطا كبيرا في مكافحة فيروس كورونا المستجد بعد تطعيم نحو 65% من سكانها المؤهلين ليبلغ معدل توزيع اللقاح 103.07 جرعة لكل 100 شخص بفعالية وامان ❤️🇦🇪👏,Covid Vaccine,None,1,Positive,2,No,0,,,Not clear,Target: Covid Vaccine Text: رقم قياسي اماراتي جديد يثبت مدي الدعم لحقوق الانسان داخل الوطن بقطع الامارات شوطا كبيرا في مكافحة فيروس كورونا المستجد بعد تطعيم نحو 65% من سكانها المؤهلين ليبلغ معدل توزيع اللقاح 103.07 جرعة لكل 100 شخص بفعالية وامان ❤️🇦🇪👏,,,,,,,,,1,2,0.011703491,0.054138184,0.93408203,3,0.93408203,0.2736302022963344,None,Favor
831,جامعة الشرق الأوسط تنظم ملتقى تمكين المرأة الاقتصادي URL URL,Women empowerment,جامعة الشرق الأوسط تنظم ملتقى تمكين المرأة الاقتصادي URL URL,Women empowerment,None,1,Neutral,1,No,0,,,Not clear,Target: Women empowerment Text: جامعة الشرق الأوسط تنظم ملتقى تمكين المرأة الاقتصادي URL URL,,جامعة الشرق الأوسط تنظم ملتقى تمكين المرأة الاقتصادي URL URL,Women empowerment,1.0,1.0,1.0,2022-04-03 06:51:58+00:00,03/04/2022,1,2,0.0546875,0.44677734,0.49853516,3,0.49853516,0.8659156138418918,None,Favor
831,جامعة الشرق الأوسط تنظم ملتقى تمكين المرأة الاقتصادي URL URL,Women empowerment,جامعة الشرق الاوسط تنظم ملتقي تمكين المراة الاقتصادي,Women empowerment,None,1,Neutral,1,No,0,,,Not clear,Target: Women empowerment Text: جامعة الشرق الاوسط تنظم ملتقي تمكين المراة الاقتصادي,,,,,,,,,1,2,0.025161743,0.14953613,0.8251953,3,0.8251953,0.5353565629320758,None,Favor
20,#السديس يؤكد تفعيل التحول الإلكتروني في جميع تعاملات الرئاسة URL,Digital Transformation,#السديس يؤكد تفعيل التحول الالكتروني في جميع تعاملات الرئاسة,Digital Transformation,None,1,Neutral,1,No,0,,,Not clear,Target: Digital Transformation Text: #السديس يؤكد تفعيل التحول الالكتروني في جميع تعاملات الرئاسة,,,,,,,,,1,2,0.0020217896,0.012290955,0.98583984,4,0.98583984,0.0806687298531079,None,Favor
30,هناك من عاصر زمن تحرير السود من العبودية  وهناك من عاصر زمن تمكين المرأة واعطائها كامل حقوقها  وشاء الله أن يكون زماننا زمن اعطاء الشواذ حقوقهم وهو الأسوأ حتى الآن  أتمنى ألا تطول صولتهم,Women empowerment,هناك من عاصر زمن تحرير السود من العبودية وهناك من عاصر زمن تمكين المراة واعطائها كامل حقوقها وشاء الله ان يكون زماننا زمن اعطاء الشواذ حقوقهم وهو الاسوا حتي الان اتمني الا تطول صولتهم,Women empowerment,None,1,Negative,0,No,0,,,Not clear,Target: Women empowerment Text: هناك من عاصر زمن تحرير السود من العبودية وهناك من عاصر زمن تمكين المراة واعطائها كامل حقوقها وشاء الله ان يكون زماننا زمن اعطاء الشواذ حقوقهم وهو الاسوا حتي الان اتمني الا تطول صولتهم,,,,,,,,,1,2,0.2841797,0.010124207,0.7060547,4,0.7060547,0.649790193173526,None,Favor
134,      كما ذكرت  هذا التحول التقني (لا) بد أن يواكبه تحول على مستوى العقول,Digital Transformation,كما ذكرت هذا التحول التقني (لا) بد ان يواكبه تحول علي مستوي العقول,Digital Transformation,None,1,Neutral,1,No,0,,,Not clear,Target: Digital Transformation Text: كما ذكرت هذا التحول التقني (لا) بد ان يواكبه تحول علي مستوي العقول,,,,,,,,,1,2,0.00084781647,0.009437561,0.9897461,4,0.9897461,0.0602055152934013,None,Favor
164,إن أرادت الوزارة المضي قدمًا نحو التحول الإلكتروني  عليها أن تسد الفجوات وتستمع لمطالب المعلمين الذين هم أدرى بشعاب البيئة التعليمية وليست إدارات التعليم. فمتى يكون ذلك؟,Digital Transformation,ان ارادت الوزارة المضي قدمًا نحو التحول الالكتروني عليها ان تسد الفجوات وتستمع لمطالب المعلمين الذين هم ادري بشعاب البيئة التعليمية وليست ادارات التعليم. فمتي يكون ذلك؟,Digital Transformation,None,1,Negative,0,No,0,,,Not clear,Target: Digital Transformation Text: ان ارادت الوزارة المضي قدمًا نحو التحول الالكتروني عليها ان تسد الفجوات وتستمع لمطالب المعلمين الذين هم ادري بشعاب البيئة التعليمية وليست ادارات التعليم. فمتي يكون ذلك؟,,,,,,,,,1,2,0.003709793,0.009017944,0.9873047,4,0.9873047,0.075838603973058,None,Favor
195, شهاده تطعيم كورونا صح 😳🤔😂😂😂👍,Covid Vaccine,شهاده تطعيم كورونا صح 😳🤔😂😂👍,Covid Vaccine,None,1,Neutral,1,No,0,,,Not clear,Target: Covid Vaccine Text: شهاده تطعيم كورونا صح 😳🤔😂😂👍,,,,,,,,,1,2,0.053771973,0.20495605,0.74121094,4,0.74121094,0.703993173580559,None,Favor
240,  لا عاد الحمدلله انا ما اعرف واحد ما تطعم #تطعيم_كورونا,Covid Vaccine,لا عاد الحمدلله انا ما اعرف واحد ما تطعم #تطعيم كورونا,Covid Vaccine,None,1,Neutral,1,No,0,,,Not clear,Target: Covid Vaccine Text: لا عاد الحمدلله انا ما اعرف واحد ما تطعم #تطعيم كورونا,,,,,,,,,1,2,0.00097084045,0.014511108,0.984375,4,0.984375,0.0836605581250904,None,Favor
322, خوذي حبوب حديد لازم تاخذين لحوم حمراء ولاتنسين زيادة البروتين باكلك اما نشاط الغده ماله دخل بالتكميم ابد اعرف كذا وحده جاهم بعد تطعيم كورونا,Covid Vaccine,خوذي حبوب حديد لازم تاخذين لحوم حمراء ولاتنسين زيادة البروتين باكلك اما نشاط الغده ماله دخل بالتكميم ابد اعرف كذا وحده جاهم بعد تطعيم كورونا,Covid Vaccine,None,1,Neutral,1,No,0,,,Not clear,Target: Covid Vaccine Text: خوذي حبوب حديد لازم تاخذين لحوم حمراء ولاتنسين زيادة البروتين باكلك اما نشاط الغده ماله دخل بالتكميم ابد اعرف كذا وحده جاهم بعد تطعيم كورونا,,,,,,,,,1,2,0.0064926147,0.0068473816,0.9868164,4,0.9868164,0.0799267856246039,None,Favor
324,تمكين المرأة في عهد مبس 😂 URL URL,Women empowerment,تمكين المراة في عهد مبس 😂,Women empowerment,None,1,Neutral,1,No,0,,,Not clear,Target: Women empowerment Text: تمكين المراة في عهد مبس 😂,,,,,,,,,1,2,0.014579773,0.043884277,0.94140625,4,0.94140625,0.255678612695053,None,Favor
328,الحمد لله على نعمة البلوك في تويتر   احسها مثل تطعيم كورونا,Covid Vaccine,الحمد لله علي نعمة البلوك في تويتر احسها مثل تطعيم كورونا,Covid Vaccine,None,1,Positive,2,No,0,,,Not clear,Target: Covid Vaccine Text: الحمد لله علي نعمة البلوك في تويتر احسها مثل تطعيم كورونا,,,,,,,,,1,2,0.0045776367,0.004940033,0.99072266,4,0.99072266,0.0601254119500006,None,Favor
364,أمين #الشرقية يدشن خدمة التوقيع الالكتروني للإجراءات الإدارية ضمن برنامج التحول الرقمي - URL URL,Digital Transformation,امين #الشرقية يدشن خدمة التوقيع الالكتروني للاجراءات الادارية ضمن برنامج التحول الرقمي -,Digital Transformation,None,1,Neutral,1,No,0,,,Not clear,Target: Digital Transformation Text: امين #الشرقية يدشن خدمة التوقيع الالكتروني للاجراءات الادارية ضمن برنامج التحول الرقمي -,,,,,,,,,1,2,0.00085401535,0.01979065,0.9794922,4,0.9794922,0.1039598890961713,None,Favor
382,حين لا تضع المنظمة خطة للأحتياجات التدريبية لموظفيها خلال فترة التحول الإلكتروني سوف يخلق #نقاط_ضعف في المنظمة بسبب عدم تمكن الاداره من وضع التوقعات المحتمل حدوثها خلال #الخطة_الاستراتيجية .,Digital Transformation,حين لا تضع المنظمة خطة للاحتياجات التدريبية لموظفيها خلال فترة التحول الالكتروني سوف يخلق #نقاط ضعف في المنظمة بسبب عدم تمكن الاداره من وضع التوقعات المحتمل حدوثها خلال #الخطة الاستراتيجية .,Digital Transformation,None,1,Negative,0,No,0,,,Not clear,Target: Digital Transformation Text: حين لا تضع المنظمة خطة للاحتياجات التدريبية لموظفيها خلال فترة التحول الالكتروني سوف يخلق #نقاط ضعف في المنظمة بسبب عدم تمكن الاداره من وضع التوقعات المحتمل حدوثها خلال #الخطة الاستراتيجية .,,,,,,,,,1,2,0.043029785,0.13964844,0.8173828,4,0.8173828,0.5751049111663004,None,Favor
503,جرير تستهدف زيادة معارضها بأكثر من 70 معرض   مخالفه بذلك كثير من الاطروحات المبالغ فيها بشأن التحول الالكتروني للشركات والمتاجر .  يتضح هنا الفرق بين الطرح التحليلي وبين الواقع المبني على الدراسات والاستراتيجيات . URL,Digital Transformation,جرير تستهدف زيادة معارضها باكثر من 70 معرض مخالفه بذلك كثير من الاطروحات المبالغ فيها بشان التحول الالكتروني للشركات والمتاجر . يتضح هنا الفرق بين الطرح التحليلي وبين الواقع المبني علي الدراسات والاستراتيجيات .,Digital Transformation,None,1,Neutral,1,No,0,,,Not clear,Target: Digital Transformation Text: جرير تستهدف زيادة معارضها باكثر من 70 معرض مخالفه بذلك كثير من الاطروحات المبالغ فيها بشان التحول الالكتروني للشركات والمتاجر . يتضح هنا الفرق بين الطرح التحليلي وبين الواقع المبني علي الدراسات والاستراتيجيات .,,,,,,,,,1,2,0.010169983,0.0040359497,0.98583984,4,0.98583984,0.0829707390218258,None,Favor
678,” التوكيلات العالمية ” تُقيم ملتقى هونشي النسائي الأول بعنوان تمكين المرأة السعودية URL,Women empowerment,” التوكيلات العالمية ” تُقيم ملتقي هونشي النسائي الاول بعنوان تمكين المراة السعودية,Women empowerment,None,1,Neutral,1,No,0,,,Not clear,Target: Women empowerment Text: ” التوكيلات العالمية ” تُقيم ملتقي هونشي النسائي الاول بعنوان تمكين المراة السعودية,,,,,,,,,1,2,0.0023269653,0.00390625,0.99365234,4,0.99365234,0.0420971536833982,None,Favor
759,للاسف لايتعدى التحول الرقمي في مشاريعنا الجديدة شراء منتج رقمي   في حين أن التحول الرقمي يعني تحول في الاستراتيجية والعقلية والخدمات URL,Digital Transformation,للاسف لايتعدي التحول الرقمي في مشاريعنا الجديدة شراء منتج رقمي في حين ان التحول الرقمي يعني تحول في الاستراتيجية والعقلية والخدمات,Digital Transformation,None,1,Neutral,1,No,0,,,Not clear,Target: Digital Transformation Text: للاسف لايتعدي التحول الرقمي في مشاريعنا الجديدة شراء منتج رقمي في حين ان التحول الرقمي يعني تحول في الاستراتيجية والعقلية والخدمات,,,,,,,,,1,2,0.021636963,0.114990234,0.86328125,4,0.86328125,0.4585704760607499,None,Favor
843,كثير يسألني متى تنتهي أزمة #كورونا في #الكويت ؟ بظهور التطعيمات في ديسمبر 2020 انتهت الازمة! وكل دولة تستطيع العودة الى الحياة الطبيعية الجديدة بعد تطعيم غالبية سكانها، وكلما صغرت الدولة وقل عدد سكانها سهلت المهمة! فاذا سمعتم عن وصول شحنة بالملايين من التطعيمات فاعلم انها انتهت!,Covid Vaccine,كثير يسالني متي تنتهي ازمة #كورونا في #الكويت ؟ بظهور التطعيمات في ديسمبر 2020 انتهت الازمة! وكل دولة تستطيع العودة الي الحياة الطبيعية الجديدة بعد تطعيم غالبية سكانها، وكلما صغرت الدولة وقل عدد سكانها سهلت المهمة! فاذا سمعتم عن وصول شحنة بالملايين من التطعيمات فاعلم انها انتهت!,Covid Vaccine,None,1,Positive,2,No,0,,,Not clear,Target: Covid Vaccine Text: كثير يسالني متي تنتهي ازمة #كورونا في #الكويت ؟ بظهور التطعيمات في ديسمبر 2020 انتهت الازمة! وكل دولة تستطيع العودة الي الحياة الطبيعية الجديدة بعد تطعيم غالبية سكانها، وكلما صغرت الدولة وقل عدد سكانها سهلت المهمة! فاذا سمعتم عن وصول شحنة بالملايين من التطعيمات فاعلم انها انتهت!,,,,,,,,,1,2,0.0012111664,0.0018930435,0.9970703,4,0.9970703,0.0229283730381637,None,Favor
1003,هيئة الاعلام والاتصالات تنظم مبادرة لدعم تمكين المرأة في مجال الاتصالات وتكنلوجيا المعلومات URL,Women empowerment,هيئة الاعلام والاتصالات تنظم مبادرة لدعم تمكين المراة في مجال الاتصالات وتكنلوجيا المعلومات,Women empowerment,None,1,Neutral,1,No,0,,,Not clear,Target: Women empowerment Text: هيئة الاعلام والاتصالات تنظم مبادرة لدعم تمكين المراة في مجال الاتصالات وتكنلوجيا المعلومات,,,,,,,,,1,2,0.0033721924,0.0020999908,0.9946289,4,0.9946289,0.0374999870979549,None,Favor
1032,التقت وزيرة التعاون الدولي المصرية الأسبوع الماضي مع مديرة الوكالة #الأمريكية للتنمية الدولية لمناقشة التعاون الجانبين في مجال تمكين المرأة المصرية. تعمل #الولايات_المتحدة دائما على الاستثمار في تنمية مهارات #المصريين وتطوير البناء المجتمعي. #ضد_الحرب_على_أوكرانيا #مصر #القاهرة URL,Women empowerment,التقت وزيرة التعاون الدولي المصرية الاسبوع الماضي مع مديرة الوكالة #الامريكية للتنمية الدولية لمناقشة التعاون الجانبين في مجال تمكين المراة المصرية. تعمل #الولايات المتحدة دائما علي الاستثمار في تنمية مهارات #المصريين وتطوير البناء المجتمعي. #ضد الحرب علي اوكرانيا #مصر #القاهرة,Women empowerment,None,1,Neutral,1,No,0,,,Not clear,Target: Women empowerment Text: التقت وزيرة التعاون الدولي المصرية الاسبوع الماضي مع مديرة الوكالة #الامريكية للتنمية الدولية لمناقشة التعاون الجانبين في مجال تمكين المراة المصرية. تعمل #الولايات المتحدة دائما علي الاستثمار في تنمية مهارات #المصريين وتطوير البناء المجتمعي. #ضد الحرب علي اوكرانيا #مصر #القاهرة,,,,,,,,,1,2,0.004131317,0.0011968613,0.9946289,4,0.9946289,0.0360866517281715,None,Favor
1060,سؤال وجواب حول #الجواز_الإلكتروني الذي أطلقته المملكة ضمن رحلة التحول الرقمي. #التواصل_الحكومي URL,Digital Transformation,سؤال وجواب حول #الجواز الالكتروني الذي اطلقته المملكة ضمن رحلة التحول الرقمي. #التواصل الحكومي,Digital Transformation,None,1,Positive,2,No,0,,,Not clear,Target: Digital Transformation Text: سؤال وجواب حول #الجواز الالكتروني الذي اطلقته المملكة ضمن رحلة التحول الرقمي. #التواصل الحكومي,,,,,,,,,1,2,0.001616478,0.06414795,0.93408203,4,0.93408203,0.2502723212048505,None,Favor
1168,في أول منصب قيادي تشهده صحة #الحدود_الشمالية  وتماشياً مع سياسة تمكين المرأة ذات الكفاءة والخبرة  . فقد تم تكليف د. ميساء السويلم مساعداً للمدير العام للطب العلاجي بالمنطقة  #عرعر URL,Women empowerment,في اول منصب قيادي تشهده صحة #الحدود الشمالية وتماشياً مع سياسة تمكين المراة ذات الكفاءة والخبرة . فقد تم تكليف د. ميساء السويلم مساعداً للمدير العام للطب العلاجي بالمنطقة #عرعر,Women empowerment,None,1,Positive,2,No,0,,,Not clear,Target: Women empowerment Text: في اول منصب قيادي تشهده صحة #الحدود الشمالية وتماشياً مع سياسة تمكين المراة ذات الكفاءة والخبرة . فقد تم تكليف د. ميساء السويلم مساعداً للمدير العام للطب العلاجي بالمنطقة #عرعر,,,,,,,,,1,2,0.0030612946,0.0015764236,0.99560547,4,0.99560547,0.0322784668614676,None,Favor
1363,وزارة الصحة تحدد مواعيد تطعيم كورونا خلال شهر #رمضان    - أرض المعارض من 10 صباحاً إلى 5 عصراً  - جسر جابر والرعاية الصحية الأولية من 8 مساءً إلى 12 منتصف الليل URL,Covid Vaccine,وزارة الصحة تحدد مواعيد تطعيم كورونا خلال شهر #رمضان - ارض المعارض من 10 صباحاً الي 5 عصراً - جسر جابر والرعاية الصحية الاولية من 8 مساءً الي 12 منتصف الليل,Covid Vaccine,None,1,Neutral,1,No,0,,,Not clear,Target: Covid Vaccine Text: وزارة الصحة تحدد مواعيد تطعيم كورونا خلال شهر #رمضان - ارض المعارض من 10 صباحاً الي 5 عصراً - جسر جابر والرعاية الصحية الاولية من 8 مساءً الي 12 منتصف الليل,,,,,,,,,1,2,0.0010719299,0.18786621,0.81103516,4,0.81103516,0.4913135574413296,None,Favor
1406,  نعم صحيح  وأنا منهم خاصتن بعد ما اخذنا تطعيم كورونا,Covid Vaccine,نعم صحيح وانا منهم خاصتن بعد ما اخذنا تطعيم كورونا,Covid Vaccine,None,1,Neutral,1,No,0,,,Not clear,Target: Covid Vaccine Text: نعم صحيح وانا منهم خاصتن بعد ما اخذنا تطعيم كورونا,,,,,,,,,1,2,0.0033035278,0.008384705,0.98828125,4,0.98828125,0.0706122677596357,None,Favor
2001, والله فيه استثناءات السنة ذي كورونا ومو كل الناس مناعتهم قوية   مثل تطعيم الحج ضروري حتى لو المناعة قوية,Covid Vaccine,والله فيه استثناءات السنة ذي كورونا ومو كل الناس مناعتهم قوية مثل تطعيم الحج ضروري حتي لو المناعة قوية,Covid Vaccine,None,1,Neutral,1,No,0,,,Not clear,Target: Covid Vaccine Text: والله فيه استثناءات السنة ذي كورونا ومو كل الناس مناعتهم قوية مثل تطعيم الحج ضروري حتي لو المناعة قوية,,,,,,,,,1,2,0.0039024353,0.05441284,0.94189453,4,0.94189453,0.2364313934038818,None,Favor
2039,هل بإمكانكم توضيح أهم إنجازات الوزارة في التحول الإلكتروني حسب الأعوام..؟   #خليها_online  #خليك_بالبيت,Digital Transformation,هل بامكانكم توضيح اهم انجازات الوزارة في التحول الالكتروني حسب الاعوام..؟ #خليها online #خليك بالبيت,Digital Transformation,None,1,Neutral,1,No,0,,,Not clear,Target: Digital Transformation Text: هل بامكانكم توضيح اهم انجازات الوزارة في التحول الالكتروني حسب الاعوام..؟ #خليها online #خليك بالبيت,,,,,,,,,1,2,0.0026474,0.32739258,0.6699219,4,0.6699219,0.6496419374112439,None,Favor
2053,فيه ناس يعتقدون ان التحول الإلكتروني للوزارات قضى على الفساد وهذا غير صحيح؛ الفاسدين للحين موجودين لكن طرق فسادهم تغيرت. URL,Digital Transformation,فيه ناس يعتقدون ان التحول الالكتروني للوزارات قضي علي الفساد وهذا غير صحيح؛ الفاسدين للحين موجودين لكن طرق فسادهم تغيرت.,Digital Transformation,None,1,Neutral,1,No,0,,,Not clear,Target: Digital Transformation Text: فيه ناس يعتقدون ان التحول الالكتروني للوزارات قضي علي الفساد وهذا غير صحيح؛ الفاسدين للحين موجودين لكن طرق فسادهم تغيرت.,,,,,,,,,1,2,0.021118164,0.025222778,0.9536133,4,0.9536133,0.2195797136376029,None,Favor
2239,كيف يمكن لمؤسسة أن تنجح في مشاريع #التحول_الرقمي بينما لا يزال يتعين القيام بكل شيء من خلال القنوات التقليدية (المكالمات الهاتفية  رسائل البريد الإلكتروني - إن وجد   والاجتماعات في مقر العمل)  إضافة إلى التقنية الدخيله على #بيئة_العمل وهي مجموعات الواتساب!!,Digital Transformation,كيف يمكن لمؤسسة ان تنجح في مشاريع #التحول الرقمي بينما لا يزال يتعين القيام بكل شيء من خلال القنوات التقليدية (المكالمات الهاتفية رسائل البريد الالكتروني - ان وجد والاجتماعات في مقر العمل) اضافة الي التقنية الدخيله علي #بيئة العمل وهي مجموعات الواتساب!!,Digital Transformation,None,1,Neutral,1,No,0,,,Not clear,Target: Digital Transformation Text: كيف يمكن لمؤسسة ان تنجح في مشاريع #التحول الرقمي بينما لا يزال يتعين القيام بكل شيء من خلال القنوات التقليدية (المكالمات الهاتفية رسائل البريد الالكتروني - ان وجد والاجتماعات في مقر العمل) اضافة الي التقنية الدخيله علي #بيئة العمل وهي مجموعات الواتساب!!,,,,,,,,,1,2,0.1928711,0.08679199,0.72021484,4,0.72021484,0.7659335378761664,None,Favor
2505,(2030)  رؤية المستقبل و التطور و التحول الإلكتروني رؤية طموحه من قائد حالم طموح انها رؤية سيدي الامير محمد بن سلمان بن عبدالعزيز آل سعود حفظه الله ورعاه 🙏💚💚 URL,Digital Transformation,(2030) رؤية المستقبل و التطور و التحول الالكتروني رؤية طموحه من قائد حالم طموح انها رؤية سيدي الامير محمد بن سلمان بن عبدالعزيز ال سعود حفظه الله ورعاه 🙏💚💚,Digital Transformation,None,1,Positive,2,No,0,,,Not clear,Target: Digital Transformation Text: (2030) رؤية المستقبل و التطور و التحول الالكتروني رؤية طموحه من قائد حالم طموح انها رؤية سيدي الامير محمد بن سلمان بن عبدالعزيز ال سعود حفظه الله ورعاه 🙏💚💚,,,,,,,,,1,2,0.0026168823,0.0025691986,0.9946289,4,0.9946289,0.0362391490404613,None,Favor
2773, #التحول_الرقمي مفهوم واسع ويجب التعامل معه على انه اطار للتحول في الاعمال المستقبلية وليس هو التحول ذاته فالتحول الرقمي قد لايعني انتاج تطبيقات وبرامج فقط. بل هو قدرة مؤسسات الاعمال على التعامل مع التطورات المستقبلية ذات الطابع الرقمي,Digital Transformation,#التحول الرقمي مفهوم واسع ويجب التعامل معه علي انه اطار للتحول في الاعمال المستقبلية وليس هو التحول ذاته فالتحول الرقمي قد لايعني انتاج تطبيقات وبرامج فقط. بل هو قدرة مؤسسات الاعمال علي التعامل مع التطورات المستقبلية ذات الطابع الرقمي,Digital Transformation,None,1,Neutral,1,No,0,,,Not clear,Target: Digital Transformation Text: #التحول الرقمي مفهوم واسع ويجب التعامل معه علي انه اطار للتحول في الاعمال المستقبلية وليس هو التحول ذاته فالتحول الرقمي قد لايعني انتاج تطبيقات وبرامج فقط. بل هو قدرة مؤسسات الاعمال علي التعامل مع التطورات المستقبلية ذات الطابع الرقمي,,,,,,,,,1,2,0.001499176,0.0034923553,0.9951172,4,0.9951172,0.0343766395341362,None,Favor
2944,    مع التحول التقني الذي تشهده المملكة  لماذا لايتم رفع الشكوى الكترونيا؟,Digital Transformation,مع التحول التقني الذي تشهده المملكة لماذا لايتم رفع الشكوي الكترونيا؟,Digital Transformation,None,1,Positive,2,No,0,,,Not clear,Target: Digital Transformation Text: مع التحول التقني الذي تشهده المملكة لماذا لايتم رفع الشكوي الكترونيا؟,,,,,,,,,1,2,0.0018644333,0.4921875,0.5058594,4,0.5058594,0.7053685269296155,None,Favor
3617,لماذا يتكفل المواطن بشكل عام والطلبة بشكل خاص بتحمل تكاليف خدمات الانترنت ؟ وسط اختيار الدولة التحول الى المعاملات الكترونيا و فرض الاجتماعات اونلاين  و #التعليم_الإلكتروني  المطلوب ان يتوفر الانترنت بالمجان للجميع .  #انترنت_بالمجان,Digital Transformation,لماذا يتكفل المواطن بشكل عام والطلبة بشكل خاص بتحمل تكاليف خدمات الانترنت ؟ وسط اختيار الدولة التحول الي المعاملات الكترونيا و فرض الاجتماعات اونلاين و #التعليم الالكتروني المطلوب ان يتوفر الانترنت بالمجان للجميع . #انترنت بالمجان,Digital Transformation,None,1,Negative,0,No,0,,,Not clear,Target: Digital Transformation Text: لماذا يتكفل المواطن بشكل عام والطلبة بشكل خاص بتحمل تكاليف خدمات الانترنت ؟ وسط اختيار الدولة التحول الي المعاملات الكترونيا و فرض الاجتماعات اونلاين و #التعليم الالكتروني المطلوب ان يتوفر الانترنت بالمجان للجميع . #انترنت بالمجان,,,,,,,,,1,2,0.017471313,0.044311523,0.9379883,4,0.9379883,0.2688550889151184,None,Favor
3798,  متى سنضع خطه استراتيجيه واضحه و بالشراكة مع القطاع الخاص لنخرج من دوامة الحكومه الالكترونيه  التحول الرقمي و اردن رقمي   الى آخر هذه المسميات . طبعاً طلب جلالة الملك بحكومه لا ورقيه 2020 اصبح مستحيل التحقيق وهذا ما أوضحت عدم حدوثه بتاريخ 15/1,Digital Transformation,متي سنضع خطه استراتيجيه واضحه و بالشراكة مع القطاع الخاص لنخرج من دوامة الحكومه الالكترونيه التحول الرقمي و اردن رقمي الي اخر هذه المسميات . طبعاً طلب جلالة الملك بحكومه لا ورقيه 2020 اصبح مستحيل التحقيق وهذا ما اوضحت عدم حدوثه بتاريخ 15/1,Digital Transformation,None,1,Neutral,1,No,0,,,Not clear,Target: Digital Transformation Text: متي سنضع خطه استراتيجيه واضحه و بالشراكة مع القطاع الخاص لنخرج من دوامة الحكومه الالكترونيه التحول الرقمي و اردن رقمي الي اخر هذه المسميات . طبعاً طلب جلالة الملك بحكومه لا ورقيه 2020 اصبح مستحيل التحقيق وهذا ما اوضحت عدم حدوثه بتاريخ 15/1,,,,,,,,,1,2,0.013427734,0.006958008,0.9794922,4,0.9794922,0.1127418344284165,None,Favor
3903,الرياضة لاتكون غير مدروسة في انحناءآت لساعات  طويلة تتحول الى اعاقات  الحركة مطلوبة مدروسة ولديك الكثير لتعملية  وتخططي لأجله ...! فقد بات سعرها اليوم في متناول الجميع  #تمكين_المرأة #حقوق_الطفل #حقوق_الانسان,Women empowerment,الرياضة لاتكون غير مدروسة في انحناءات لساعات طويلة تتحول الي اعاقات الحركة مطلوبة مدروسة ولديك الكثير لتعملية وتخططي لاجله ..! فقد بات سعرها اليوم في متناول الجميع #تمكين المراة #حقوق الطفل #حقوق الانسان,Women empowerment,None,1,Neutral,1,No,0,,,Not Related,Target: Women empowerment Text: الرياضة لاتكون غير مدروسة في انحناءات لساعات طويلة تتحول الي اعاقات الحركة مطلوبة مدروسة ولديك الكثير لتعملية وتخططي لاجله ..! فقد بات سعرها اليوم في متناول الجميع #تمكين المراة #حقوق الطفل #حقوق الانسان,,,,,,,,,1,2,0.046569824,0.0020923615,0.9511719,4,0.9511719,0.2033453151370802,None,Favor
4004,الخبرة ليست بالدراسة بل بالممارسة... اذا قرأت عن التحول الرقمي ولم تشارك في اَي تحول رقمي لأي جهة سواء قطاع حكومي او خاص هذا لا يعني انك خبير تحول رقمي.,Digital Transformation,الخبرة ليست بالدراسة بل بالممارسة.. اذا قرات عن التحول الرقمي ولم تشارك في اَي تحول رقمي لاي جهة سواء قطاع حكومي او خاص هذا لا يعني انك خبير تحول رقمي.,Digital Transformation,None,1,Neutral,1,No,0,,,Not clear,Target: Digital Transformation Text: الخبرة ليست بالدراسة بل بالممارسة.. اذا قرات عن التحول الرقمي ولم تشارك في اَي تحول رقمي لاي جهة سواء قطاع حكومي او خاص هذا لا يعني انك خبير تحول رقمي.,,,,,,,,,1,2,0.01727295,0.17370605,0.80908203,4,0.80908203,0.5455657466231306,None,Favor
4117,يا جماعة الخير انا و اهلي حاشتنا كورونا خلصنا من العام الماضي و مطعمين تطعيم كوفيد 19 ليش لازم نلتزم بالحظر المفروض كرت التطعيم بدال الهويه يخلونا نمارس حياتنا . مايصير حالنا حال الجميع .,Covid Vaccine,يا جماعة الخير انا و اهلي حاشتنا كورونا خلصنا من العام الماضي و مطعمين تطعيم كوفيد 19 ليش لازم نلتزم بالحظر المفروض كرت التطعيم بدال الهويه يخلونا نمارس حياتنا . مايصير حالنا حال الجميع .,Covid Vaccine,None,1,Positive,2,No,0,,,Not clear,Target: Covid Vaccine Text: يا جماعة الخير انا و اهلي حاشتنا كورونا خلصنا من العام الماضي و مطعمين تطعيم كوفيد 19 ليش لازم نلتزم بالحظر المفروض كرت التطعيم بدال الهويه يخلونا نمارس حياتنا . مايصير حالنا حال الجميع .,,,,,,,,,1,2,0.23242188,0.34570312,0.421875,4,0.421875,1.0704450676356636,None,Favor
44,  مو كل اللي ماطعموا جتهم كورونا انا من فضل الله لا كورونا ولا تطعيم الحمدلله يارب🤝,Covid Vaccine,مو كل اللي ماطعموا جتهم كورونا انا من فضل الله لا كورونا ولا تطعيم الحمدلله يارب🤝,Covid Vaccine,None,1,Neutral,1,No,0,,,Not clear,Target: Covid Vaccine Text: مو كل اللي ماطعموا جتهم كورونا انا من فضل الله لا كورونا ولا تطعيم الحمدلله يارب🤝,,,,,,,,,1,2,0.0020103455,0.00019073486,0.9975586,5,0.9975586,0.016555127356363,None,Favor
228, التحول الالكتروني بشكل عام لاغلب الامور..المعاملات الحكومية تطبيقات التوصيل وتوصيل المطاعم والاغراض والسوق الالكتروني الخ..,Digital Transformation,التحول الالكتروني بشكل عام لاغلب الامور..المعاملات الحكومية تطبيقات التوصيل وتوصيل المطاعم والاغراض والسوق الالكتروني الخ..,Digital Transformation,None,1,Neutral,1,No,0,,,Not clear,Target: Digital Transformation Text: التحول الالكتروني بشكل عام لاغلب الامور..المعاملات الحكومية تطبيقات التوصيل وتوصيل المطاعم والاغراض والسوق الالكتروني الخ..,,,,,,,,,1,2,2.0086765e-05,0.00011301041,1.0,5,1.0,0.001244289454232,None,Favor
372,التعليم عن بُعد جميل و ممتع بكل تفاصيله و آثاره . للطالب  للأسرة للمجمتع  المأمول هو التحول الالكتروني بالكامل   المسابقات   النشاطات   تحدي الابداع  الارشاد والتوجيه و الدعم النفسي ( مهمة جدا جدا) و لدينا في كل منطقة خبراء و خبيرات في هذا الشأن,Digital Transformation,التعليم عن بُعد جميل و ممتع بكل تفاصيله و اثاره . للطالب للاسرة للمجمتع المامول هو التحول الالكتروني بالكامل المسابقات النشاطات تحدي الابداع الارشاد والتوجيه و الدعم النفسي ( مهمة جدا جدا) و لدينا في كل منطقة خبراء و خبيرات في هذا الشان,Digital Transformation,None,1,Negative,0,No,0,,,Not clear,Target: Digital Transformation Text: التعليم عن بُعد جميل و ممتع بكل تفاصيله و اثاره . للطالب للاسرة للمجمتع المامول هو التحول الالكتروني بالكامل المسابقات النشاطات تحدي الابداع الارشاد والتوجيه و الدعم النفسي ( مهمة جدا جدا) و لدينا في كل منطقة خبراء و خبيرات في هذا الشان,,,,,,,,,1,2,2.1457672e-05,3.385544e-05,1.0,5,1.0,0.0005791456576616,None,Favor
453,مبادرة تحفيزية في العاصمة الأمريكية واشنطن للمترددين من أخذ لقاح فيروس #كورونا: جرعة تطعيم مقابل جرعة ماريجوانا. على ما يبدو الإقبال كبير لأخذ التطعيم. ما هو الحافز المناسب في الإمارات خلال شهر رمضان الكريم ومن بعده عيدية العيد بدلًا من خطاب التهديد الذي سمعناه هذا الأسبوع؟ ,Covid Vaccine,مبادرة تحفيزية في العاصمة الامريكية واشنطن للمترددين من اخذ لقاح فيروس #كورونا: جرعة تطعيم مقابل جرعة ماريجوانا. علي ما يبدو الاقبال كبير لاخذ التطعيم. ما هو الحافز المناسب في الامارات خلال شهر رمضان الكريم ومن بعده عيدية العيد بدلًا من خطاب التهديد الذي سمعناه هذا الاسبوع؟,Covid Vaccine,None,1,Negative,0,No,0,,,Not clear,Target: Covid Vaccine Text: مبادرة تحفيزية في العاصمة الامريكية واشنطن للمترددين من اخذ لقاح فيروس #كورونا: جرعة تطعيم مقابل جرعة ماريجوانا. علي ما يبدو الاقبال كبير لاخذ التطعيم. ما هو الحافز المناسب في الامارات خلال شهر رمضان الكريم ومن بعده عيدية العيد بدلًا من خطاب التهديد الذي سمعناه هذا الاسبوع؟,,,,,,,,,1,2,5.030632e-05,0.05911255,0.94091797,5,0.94091797,0.224987897934893,None,Favor
670,العالم يسابق الزمن لإنهاء كابوس #كورونا بتسجيل مليار جرعة #تطعيم ,Covid Vaccine,العالم يسابق الزمن لانهاء كابوس #كورونا بتسجيل مليار جرعة #تطعيم,Covid Vaccine,None,1,Neutral,1,No,0,,,Not clear,Target: Covid Vaccine Text: العالم يسابق الزمن لانهاء كابوس #كورونا بتسجيل مليار جرعة #تطعيم,,,,,,,,,1,2,5.7280064e-05,0.27124023,0.7285156,5,0.7285156,0.5852148599579203,None,Favor
763,#مركز_الدفاع_الإلكتروني لمن يقولوا انه ضد الذباب الإلكتروني  هل نخاف من الذباب لكي ننشأ ضده مركز للدفاع؟ بهذا الفكر لا نرتقي   المركز مختص لأمن الشبكات و حمايتها  من الاختراق وهذا أهم لأننا نتجه الى التحول الرقمي,Digital Transformation,#مركز الدفاع الالكتروني لمن يقولوا انه ضد الذباب الالكتروني هل نخاف من الذباب لكي ننشا ضده مركز للدفاع؟ بهذا الفكر لا نرتقي المركز مختص لامن الشبكات و حمايتها من الاختراق وهذا اهم لاننا نتجه الي التحول الرقمي,Digital Transformation,None,1,Neutral,1,No,0,,,Not clear,Target: Digital Transformation Text: #مركز الدفاع الالكتروني لمن يقولوا انه ضد الذباب الالكتروني هل نخاف من الذباب لكي ننشا ضده مركز للدفاع؟ بهذا الفكر لا نرتقي المركز مختص لامن الشبكات و حمايتها من الاختراق وهذا اهم لاننا نتجه الي التحول الرقمي,,,,,,,,,1,2,3.2782555e-05,0.0018253326,0.9980469,5,0.9980469,0.0138002261759663,None,Favor
877,#يحدث_الان معسكر الحياة لتطوير المشاريع الصغيرة بالشراكة مع شركة تمر   والذي يقدم اليوم مهارات خدمة العملاء مع أ. إيهاب شطا  ذلك للمساهمة في تمكين المرأة من خلال البدء في تحسين و تطوير مشاريعهن. URL,Women empowerment,#يحدث الان معسكر الحياة لتطوير المشاريع الصغيرة بالشراكة مع شركة تمر والذي يقدم اليوم مهارات خدمة العملاء مع ا. ايهاب شطا ذلك للمساهمة في تمكين المراة من خلال البدء في تحسين و تطوير مشاريعهن.,Women empowerment,None,1,Positive,2,No,0,,,Not clear,Target: Women empowerment Text: #يحدث الان معسكر الحياة لتطوير المشاريع الصغيرة بالشراكة مع شركة تمر والذي يقدم اليوم مهارات خدمة العملاء مع ا. ايهاب شطا ذلك للمساهمة في تمكين المراة من خلال البدء في تحسين و تطوير مشاريعهن.,,,,,,,,,1,2,3.3020973e-05,0.00017225742,1.0,5,1.0,0.0018335950107935,None,Favor
1050,اقام فريق الثورة انثى في محافظة ذي قار يوم السبت المصادف ٩ نيسان ٢٠٢٢ ندوة حوارية حول قرار مجلس الامن ١٣٢٥ بشأن المرأة والسلام والامن بالتعاون مع لجنة تمكين المرأة في نقابة المهندسين.  #AlThawra_Untha #الثورة_انثى URL,Women empowerment,اقام فريق الثورة انثي في محافظة ذي قار يوم السبت المصادف ٩ نيسان ٢٠٢٢ ندوة حوارية حول قرار مجلس الامن ١٣٢٥ بشان المراة والسلام والامن بالتعاون مع لجنة تمكين المراة في نقابة المهندسين. #AlThawra Untha #الثورة انثي,Women empowerment,None,1,Neutral,1,No,0,,,Not clear,Target: Women empowerment Text: اقام فريق الثورة انثي في محافظة ذي قار يوم السبت المصادف ٩ نيسان ٢٠٢٢ ندوة حوارية حول قرار مجلس الامن ١٣٢٥ بشان المراة والسلام والامن بالتعاون مع لجنة تمكين المراة في نقابة المهندسين. #AlThawra Untha #الثورة انثي,,,,,,,,,1,2,2.527237e-05,0.0074653625,0.9926758,5,0.9926758,0.0441263137066013,None,Favor
1081,انتهيت للتو من تطعيم الجرعة الثانيه من التطعيم ضد كورونا  بس كاني مشتهي اكل خفاش   وين يبيعونه بالكويت ؟,Covid Vaccine,انتهيت للتو من تطعيم الجرعة الثانيه من التطعيم ضد كورونا بس كاني مشتهي اكل خفاش وين يبيعونه بالكويت ؟,Covid Vaccine,None,1,Neutral,1,No,0,,,Not clear,Target: Covid Vaccine Text: انتهيت للتو من تطعيم الجرعة الثانيه من التطعيم ضد كورونا بس كاني مشتهي اكل خفاش وين يبيعونه بالكويت ؟,,,,,,,,,1,2,4.6253204e-05,0.13232422,0.8676758,5,0.8676758,0.3912428447360518,None,Favor
1842,   ولله الحمد اكملنا اكثر من سنه علئ رفع طلب تحديث الصك ولم يتحدث ماشاء الله عليكم وين التحول الالكتروني والمراسل لازال يحمل خطابات البلديه بشكل يدوي,Digital Transformation,ولله الحمد اكملنا اكثر من سنه علئ رفع طلب تحديث الصك ولم يتحدث ماشاء الله عليكم وين التحول الالكتروني والمراسل لازال يحمل خطابات البلديه بشكل يدوي,Digital Transformation,None,1,Negative,0,No,0,,,Not clear,Target: Digital Transformation Text: ولله الحمد اكملنا اكثر من سنه علئ رفع طلب تحديث الصك ولم يتحدث ماشاء الله عليكم وين التحول الالكتروني والمراسل لازال يحمل خطابات البلديه بشكل يدوي,,,,,,,,,1,2,0.013122559,0.033111572,0.9536133,5,0.9536133,0.2149994109033626,None,Favor
2148,في ظل التطور الرقمي الهائل وسهولة الاختراق الإلكتروني  كن حذرا على بياناتك وسجلاتك على  الإنترنت. #التواصل_الاجتماعي #التحول_الرقمي URL,Digital Transformation,في ظل التطور الرقمي الهائل وسهولة الاختراق الالكتروني كن حذرا علي بياناتك وسجلاتك علي الانترنت. #التواصل الاجتماعي #التحول الرقمي,Digital Transformation,None,1,Negative,0,No,0,,,Not clear,Target: Digital Transformation Text: في ظل التطور الرقمي الهائل وسهولة الاختراق الالكتروني كن حذرا علي بياناتك وسجلاتك علي الانترنت. #التواصل الاجتماعي #التحول الرقمي,,,,,,,,,1,2,0.0068626404,0.0013132095,0.9916992,5,0.9916992,0.0511671287139545,None,Favor
2244, اذا انت مطعم وماخذ جرعاتك و ماخذ جرعة التعزيز  و حسب كلام الدكاترة و الخبراء و غيرهم ما عليك خوف من كورونا و متحوراتها . ايش خوفك مني اذا ما خذيت تطعيم . ؟؟؟,Covid Vaccine,اذا انت مطعم وماخذ جرعاتك و ماخذ جرعة التعزيز و حسب كلام الدكاترة و الخبراء و غيرهم ما عليك خوف من كورونا و متحوراتها . ايش خوفك مني اذا ما خذيت تطعيم . ؟؟,Covid Vaccine,None,1,Neutral,1,No,0,,,Not clear,Target: Covid Vaccine Text: اذا انت مطعم وماخذ جرعاتك و ماخذ جرعة التعزيز و حسب كلام الدكاترة و الخبراء و غيرهم ما عليك خوف من كورونا و متحوراتها . ايش خوفك مني اذا ما خذيت تطعيم . ؟؟,,,,,,,,,1,2,0.004673004,3.439188e-05,0.9951172,5,0.9951172,0.0302994493398038,None,Favor
2261,بعد التطعيم للحماية من كورونا  نحتاج تطعيم للحماية من سواقة بعض السيدات الفاضلات  وانا اول متبرع لتجربة التطعيم🌷🌷🌷,Covid Vaccine,بعد التطعيم للحماية من كورونا نحتاج تطعيم للحماية من سواقة بعض السيدات الفاضلات وانا اول متبرع لتجربة التطعيم🌷🌷,Covid Vaccine,None,1,Neutral,1,Yes,1,,,Not clear,Target: Covid Vaccine Text: بعد التطعيم للحماية من كورونا نحتاج تطعيم للحماية من سواقة بعض السيدات الفاضلات وانا اول متبرع لتجربة التطعيم🌷🌷,,,,,,,,,1,2,1.847744e-05,0.0011386871,0.99902344,5,0.99902344,0.0088953516646896,None,Favor
2507,#جيل_التسعينات الجيل اللي من عام 85 الي عام 2000 هذا جيل مظلوم انا احس ان هذا الجيل يعيش صراع ثقافي في داخل نفسه التحول السريع التقني والحراك الثقافي الاجتماعي سبب تضارب في المفاهيم عند بعض هذا الجيل,Digital Transformation,#جيل التسعينات الجيل اللي من عام 85 الي عام 200 هذا جيل مظلوم انا احس ان هذا الجيل يعيش صراع ثقافي في داخل نفسه التحول السريع التقني والحراك الثقافي الاجتماعي سبب تضارب في المفاهيم عند بعض هذا الجيل,Digital Transformation,None,1,Neutral,1,Yes,1,,,Not clear,Target: Digital Transformation Text: #جيل التسعينات الجيل اللي من عام 85 الي عام 200 هذا جيل مظلوم انا احس ان هذا الجيل يعيش صراع ثقافي في داخل نفسه التحول السريع التقني والحراك الثقافي الاجتماعي سبب تضارب في المفاهيم عند بعض هذا الجيل,,,,,,,,,1,2,0.0005531311,0.0035114288,0.99609375,5,0.99609375,0.0278927025905473,None,Favor
2836,بما ان بعض المعاملات ما زالت لا تتم الا بتوقيع شيخ المنطقة الذي في اغلب الاحيان لا يعرف عن اهل المنطقة شي في الوقت الحاضر.. يبقى شعار التحول الالكتروني تسويقي لا اكثر في معظم المؤسسات الخدمية.. هذا احد الامثلة فقط URL,Digital Transformation,بما ان بعض المعاملات ما زالت لا تتم الا بتوقيع شيخ المنطقة الذي في اغلب الاحيان لا يعرف عن اهل المنطقة شي في الوقت الحاضر.. يبقي شعار التحول الالكتروني تسويقي لا اكثر في معظم المؤسسات الخدمية.. هذا احد الامثلة فقط,Digital Transformation,None,1,Negative,0,No,0,,,Not clear,Target: Digital Transformation Text: بما ان بعض المعاملات ما زالت لا تتم الا بتوقيع شيخ المنطقة الذي في اغلب الاحيان لا يعرف عن اهل المنطقة شي في الوقت الحاضر.. يبقي شعار التحول الالكتروني تسويقي لا اكثر في معظم المؤسسات الخدمية.. هذا احد الامثلة فقط,,,,,,,,,1,2,0.0009083748,0.0050621033,0.9941406,5,0.9941406,0.0389624665293144,None,Favor
3085,فيديو: الجلسة الثانية من مؤتمر تمكين المرأة: إعادة النظر في المادة 153 من قانون الجزاء  ,Women empowerment,فيديو: الجلسة الثانية من مؤتمر تمكين المراة: اعادة النظر في المادة 153 من قانون الجزاء,Women empowerment,None,1,Neutral,1,No,0,,,Not clear,Target: Women empowerment Text: فيديو: الجلسة الثانية من مؤتمر تمكين المراة: اعادة النظر في المادة 153 من قانون الجزاء,,,,,,,,,1,2,0.00029492378,0.49780273,0.5019531,5,0.5019531,0.6956108346218148,None,Favor
3463,التحول الالكتروني والتكنولوجيا 📈📈👌,Digital Transformation,التحول الالكتروني والتكنولوجيا 📈📈👌,Digital Transformation,None,1,Neutral,1,No,0,,,Not clear,Target: Digital Transformation Text: التحول الالكتروني والتكنولوجيا 📈📈👌,,,,,,,,,1,2,0.00011909008,0.00059747696,0.9995117,5,0.9995117,0.0059991835965852,None,Favor
3775,    لاشك أن دولة الإمارات نموذج إداري ناجح وملهم على مستوى المنطقة  لكن كثر الحديث في بلداننا الفترة الأخيرة عن تمكين المرأة وأتمنى أن يكون التمكين للأجدر وليس للمرأة لمجرد إنها مرأة,Women empowerment,لاشك ان دولة الامارات نموذج اداري ناجح وملهم علي مستوي المنطقة لكن كثر الحديث في بلداننا الفترة الاخيرة عن تمكين المراة واتمني ان يكون التمكين للاجدر وليس للمراة لمجرد انها مراة,Women empowerment,None,1,Positive,2,No,0,,,Not clear,Target: Women empowerment Text: لاشك ان دولة الامارات نموذج اداري ناجح وملهم علي مستوي المنطقة لكن كثر الحديث في بلداننا الفترة الاخيرة عن تمكين المراة واتمني ان يكون التمكين للاجدر وليس للمراة لمجرد انها مراة,,,,,,,,,1,2,1.8179417e-05,0.00019204617,1.0,5,1.0,0.0018419202065161,None,Favor
3982, هناك الكثير من التعابير تصاغ لتعزيز تمكين المرأة بغض النظر عن التفاصيل,Women empowerment,هناك الكثير من التعابير تصاغ لتعزيز تمكين المراة بغض النظر عن التفاصيل,Women empowerment,None,1,Neutral,1,No,0,,,Not clear,Target: Women empowerment Text: هناك الكثير من التعابير تصاغ لتعزيز تمكين المراة بغض النظر عن التفاصيل,,,,,,,,,1,2,2.4735928e-05,5.0723553e-05,1.0,5,1.0,0.0007639915757216,None,Favor
4015,الازدحام الذي نراه عند بعض فروع شركات الاتصالات رغم الجائحة وتحول العديد من خدمات القطاعات إلى الخدمات السحابية استغرب منه بشدة  فكيف بشركة اتصالات المفترض انها تسبق الجميع في التحول التقني لا تزال تقبع في نفس الآلية التقليدية في انجاز الاعمال  إما الخلل في التسويق أو في الخدمات,Digital Transformation,الازدحام الذي نراه عند بعض فروع شركات الاتصالات رغم الجائحة وتحول العديد من خدمات القطاعات الي الخدمات السحابية استغرب منه بشدة فكيف بشركة اتصالات المفترض انها تسبق الجميع في التحول التقني لا تزال تقبع في نفس الالية التقليدية في انجاز الاعمال اما الخلل في التسويق او في الخدمات,Digital Transformation,None,1,Negative,0,No,0,,,Not clear,Target: Digital Transformation Text: الازدحام الذي نراه عند بعض فروع شركات الاتصالات رغم الجائحة وتحول العديد من خدمات القطاعات الي الخدمات السحابية استغرب منه بشدة فكيف بشركة اتصالات المفترض انها تسبق الجميع في التحول التقني لا تزال تقبع في نفس الالية التقليدية في انجاز الاعمال اما الخلل في التسويق او في الخدمات,,,,,,,,,1,2,0.009689331,0.0038394928,0.9863281,5,0.9863281,0.0798616737865724,None,Favor
951,عاجل | د. مناف القحطاني يؤكد استيفاء تطعيم (فالنيفا) الفرنسي المضاد لفيروس كورونا,Covid Vaccine,عاجل | د. مناف القحطاني يؤكد استيفاء تطعيم (فالنيفا) الفرنسي المضاد لفيروس كورونا,Covid Vaccine,None,1,Neutral,1,No,0,,,Not clear,Target: Covid Vaccine Text: عاجل | د. مناف القحطاني يؤكد استيفاء تطعيم (فالنيفا) الفرنسي المضاد لفيروس كورونا,,عاجل | د. مناف القحطاني يؤكد استيفاء تطعيم (فالنيفا) الفرنسي المضاد لفيروس كورونا,Covid Vaccine,0.7711,1.0,1.0,2022-04-17 13:25:22+00:00,17/04/2022,1,2,0.00047397614,0.0013513565,0.9980469,5,0.9980469,0.0145071069396678,None,Favor
