ID,Target,Text,True_Label_ID,Predicted_Label_ID,True_Label,Predicted_Label,Confidence,Entropy,Prob_Against,Prob_None,Prob_Favor
152,Women empowerment,#تمكين_المرأة   يَٰٓأَيُّهَا ٱلنَّبِىُّ قُل لِّأَزْوَٰجِكَ إِن كُنتُنَّ تُرِدْنَ ٱلْحَيَوٰةَ ٱلدُّنْيَا وَزِينَتَهَا فَتَعَالَيْنَ أُمَتِّعْكُنَّ وَأُسَرِّحْكُنَّ سَرَاحًا جَمِيلًا,0,2,Against,Favor,0.7601683871224912,0.7007219539876278,0.07607929779573913,0.1637522934319828,0.7601683871224912
157,Women empowerment, تمكين المراة,1,2,None,Favor,0.5327839251214052,1.0088079342116685,0.1961333027486064,0.27108279010452874,0.5327839251214052
273,Women empowerment,    ضيف مميز 🤍اسأل سليمان عن تمكين المرأة لعبته هالمواضيع..,1,2,None,Favor,0.8601005733292397,0.4375418344037456,0.008763518064885246,0.13113594355885738,0.8601005733292397
389,Women empowerment,متى المجتمع يتخطى موضوع تمكين المراه ويتقبلونه ؟,2,1,Favor,None,0.937854876290281,0.27346867114463536,0.022428592786155173,0.937854876290281,0.03971655219136018
465,Women empowerment,#موتمر_تمكين_المراه_2022   هل تتفقون معي ان المراة بدت تاخذ الوظائف على الرجال ؟   يعني كم شاب عاطل بسبب امراة كم بيت ممكن يفتح لو توظف هذا الشاب ؟,0,2,Against,Favor,0.5248814330977943,0.950372938612831,0.36396676805079636,0.11115181718621059,0.5248814330977943
541,Women empowerment,    مع تمكين المرأة من الوظائف يجب ان يعيد المجتمع ترتيب اوراقه فتتكفل المرأة بفتح البيت والمهر وتكاليف الزواج اما الرجل الذي اخذت المرأة مكانه في سوق العمل فيجلس في البيت 😁. وبالمرة نغير شرع الله ونخلي العص,0,1,Against,None,0.6414178795564454,0.8795751922343118,0.24085106253726585,0.6414178795564454,0.1177310306632831
640,Women empowerment,وحدة تمكين المرأة في بلدية الطفيلة الكبرى تنظم لقاء حواري لعضوات مجالس البلدية والمحافظة URL  #الأردن #جريدة_الدستور_الاردنية #مصلحتك_في_اللقاح URL,1,2,None,Favor,0.8287341783512125,0.49428579813108514,0.009392049114736617,0.16187378508252792,0.8287341783512125
655,Women empowerment,#سوق_المواشي تمكين المرأة من دخول بيع وشراء في سوق الاغنام. #وزارة_البيئة 👇أغنام كيوت URL,0,2,Against,Favor,0.9145903923139369,0.32365691725921086,0.010517825394423126,0.07489177818669555,0.9145903923139369
706,Women empowerment,للاسف استغل تمكين الدولة للمرأة من بعض ضعيفات النفوس والباحثات عن الشهره والمال واصبحن يشوهن صورة المرأة السعودية التي كانت على طول الازمان مثال للشرف فوجب ايقافهم عن هذا العبث #رهف_القحطاني_ومروج_بالمالديف,0,2,Against,Favor,0.6019883817531226,0.8836032783000975,0.3091028727632,0.0889087267852853,0.6019883817531226
831,Women empowerment,جامعة الشرق الأوسط تنظم ملتقى تمكين المرأة الاقتصادي URL URL,1,2,None,Favor,0.8411681595867389,0.46518432437427315,0.006600810549389645,0.15223103527857276,0.8411681595867389
884,Women empowerment,"""تمكين المرأة في المجتمع"" بثقافة الطود بالأقصر URL",2,1,Favor,None,0.8497979751351458,0.4905159835890812,0.02489812366716663,0.8497979751351458,0.12530391331462548
1099,Women empowerment,يُروَج مؤخراً للعديد من المنتجات والدورات تحت الطابع النسوي/تمكين المرأة  مثل علب حفظ الفوط الصحية ادوات الامتاع الذاتي ادوات تخفيف الآلام الدورة الشهرية دورات تعرفي ع جسدك  تعرفي ع كذا كذا الخ م هذه المنتجات بأسعار متفاوتة منها الباهض ومنها المتوسط الثمن #نسويات_ليبيا,0,2,Against,Favor,0.6781197597653829,0.7567837425053695,0.0440543559062242,0.27782590035355015,0.6781197597653829
1369,Women empowerment, #هند_القحطاني  اللي غابنها  انها من يوم انحاشت و السعودية تغيرت ١٨٠ درجة في الأنظمة والقوانين و تمكين المرأة بتموت لانها مالحقت على التغير و بتجلس طول عمرها متهمة بالهروب,2,0,Favor,Against,0.4819612814454478,0.8783725045541755,0.4819612814454478,0.0600743490065285,0.45796435193394724
1511,Women empowerment,الان أنا بأحد المطاعم بالدمام وفيه بنت سعوديه تشتغل مع العمال الاجانب بالداخل؟ هل هذا يليق بالمرأة السعودية؟  قال ايش قال #تمكين_المرأة حسبي الله ونعم الوكيل,0,1,Against,None,0.529447147789202,0.8188392797118484,0.434429527490012,0.529447147789202,0.036123341022717664
1523,Women empowerment,"#المرأة_العربية #المساواة #الجندر #تمكين #تعليم #المساواة_الجندرية ""مبادئ عمان.. للآليات الوطنية للمساواة بين الجنسين وتمكين #النساء و #الفتيات""  URL URL",1,2,None,Favor,0.8184165363859417,0.5230367822740977,0.013970847200894287,0.1676126239359003,0.8184165363859417
1528,Women empowerment, أدوات اُعطيت للرجل لأسباب معينة و مُنعت عن المرأة بغير وجه حق فأكتسب الرجل سُلطة  و عندما تم توزيع الادوات بالتساوي وتم تمكين الطرف الآخر عجزنا عن التنازل عن سلطتنا بلا اي مبرر حقيقي .,1,0,None,Against,0.8449055640287685,0.5226088535265411,0.8449055640287685,0.11250311308334195,0.042591309613935695
1577,Women empowerment,هذا ماوصلن إليه النساء بفضل تمكين المرأة!  كثير من العاملات رفضن نمط العيش تحت ظِلّ رجل يكفي المرأة المهانة  وآثرن العمل على القرار لإعتقادهن أن الناصحون لهن عن فعل ذلك حسدة وذكوريين..  نسأل الله السلامة من البلاهة وإسترحْاص قيمة العِرض! URL,0,2,Against,Favor,0.7701851382938705,0.689841594208712,0.145977317365492,0.08383755756422653,0.7701851382938705
1603,Women empowerment,قلتا تمكين المرأة بس مب كذا عاد URL,0,1,Against,None,0.47492444346047047,1.0137327601224582,0.15882257732666316,0.47492444346047047,0.3662529667989263
1888,Women empowerment, الشخص هذا مشكلته مو مع توظيف المرأة هذا مو قادر يرفع من قيمته بالسوق وينتضر اي مُبرر عشان يحط اللوم عليه،وملف تمكين المرأة شافه سبب مناسب لفشله ف قام يطلع مبررات غبية زي اخذو وظايفنا واحنا الي نبني بيوت.,2,0,Favor,Against,0.5369420836118179,0.8609568367264485,0.5369420836118179,0.055885704973326636,0.4071722295602448
1917,Women empowerment,- أعتقد بأن تمكين المرأة في منطقة الخليج لن يتم عن طريق الانتخابات؛ لأن الثقافة الذكورية لا تزال تسيطر على شعوب المنطقة.  - تمكين المرأة يحتاج إلى الثقة في قدراتها، وإلى الإيمان بأهمية مشاركتها في دوائر صناعة القرار، وإلى فرض وجودها بقرارات سيادية. ,2,1,Favor,None,0.7715137569046409,0.6785383153697312,0.15810094704653666,0.7715137569046409,0.07038529280230381
2152,Women empowerment,  والله اذا تمكين المرأة بنظرك فساد؟ الله يزيدنا فسادًا في هذا الموضوع لانو عاجبنا💚,2,1,Favor,None,0.4797244158849179,1.041408809723832,0.3147328786589444,0.4797244158849179,0.20554269168012296
2611,Women empowerment, غالبا غالبا اي شخص ضد تمكين المرأة فاسد من داخله ينطبق عليه قول ( كلن يرى الناس بعين طبعه ),2,1,Favor,None,0.5511668244598192,0.8986893217388215,0.08027057233774788,0.5511668244598192,0.3685625605528976
2625,Women empowerment,🙂 هذا يدحض الربط بين تمكين المرأة والتقدم، وإن لم يكن التقدم هو الغاية.. فقوم عاد وثمود من عمار الأرض ولم يغنِ عنهم هذا من عذاب ﷲ شيئا. الخلاصة : أيتها النسوة، إلى المطبخ تكرما. ,0,2,Against,Favor,0.5968095778185935,0.9211406687927362,0.12162345747481138,0.2815669152562263,0.5968095778185935
3127,Women empowerment,المرأة السعوديّة .. تمكينٌ وطــموح 🇸🇦💚 #قطوف ,2,1,Favor,None,0.5300401350984195,0.8093171931178038,0.032425331721540225,0.5300401350984195,0.4375345258600715
3195,Women empowerment,ولكن ذالك النظام  يملي عليهنّ ما يجب أن يلبسن  فهل من المنطقي تمكين المرأة من خلال سلب إرادتها الحرة وحقها في الاختيار ؟!   راقصة فرنسية قررت اعتناق الإسلام وارتداء الحجاب لكنها انصدمت ب عنصرية النظام ضد المسلمين وب الاخص المسلمات المحجبات 👇👇 URL,2,0,Favor,Against,0.8493533865996605,0.5034953522607066,0.8493533865996605,0.11727495891740272,0.033371678980381896
3199,Women empowerment,"MENTION عندما تقارن بين البرلمانات الحرة والبرلمانات القائمة على الديكتاتورية والتعيين حينها لا يجدي الحديث حول ""تمكين المرأة""   فالمرأة والرجل في برلمانكم لا يتمتعان بالحرية التي يتمتع بها النيوزيلندي أو الأمريكي الذي تزايد عليه الآن",2,0,Favor,Against,0.8331275379890607,0.5663575610121856,0.8331275379890607,0.0875400303168312,0.07933245739882226
3289,Women empowerment, ليش الشكاوي مايحلها الا المرأه يعني؟؟ تغريدة فاشلة والمقصد فقط تمكين المرأه ادعموا الشباب اولى الي وصلت اعمارهم الثلاثين سنة ومعه شهادة وماحصل وظيفة للان  وبعضهم فاتح بيت وعاطل,0,2,Against,Favor,0.5230080434892751,1.0206231614851133,0.2161833003548146,0.26080865948398296,0.5230080434892751
3610,Women empowerment,    هذا انتم يابتوع تمكين المراة ترمي اتهامات ونتحاش,0,2,Against,Favor,0.5560055655327019,0.9945161756498158,0.21733182428952824,0.22666258654713228,0.5560055655327019
3686,Women empowerment,أرملة من #المدينة تقوم ببيع الشاهي في الطريق، شاهد ماذا فعلت بها البلدية 👇 . حسبنا الله ونعم الوكيل #تمكين_المرأة ,0,1,Against,None,0.822966209911147,0.5564862897136288,0.14087520722259853,0.822966209911147,0.03615861681412486
3702,Women empowerment,نركز على تمكين المرأة بتمرتبان المخلل و الطبايخ *هم بقولوا هيك* ,2,1,Favor,None,0.8383067803511732,0.5538458833227633,0.07333851272381729,0.8383067803511732,0.08835468359643338
3742,Women empowerment,  بالعكس تمامًا ، ربط تمكين المرأة في دول الغرب بموضوع متعلق بسلوكيات المرأة في العالم العربي عبارة عن فجوة ! هي عنا نساء صاحبات سلطة وعنا فساد .. المثالين غير متوازيين أبدًا !,2,1,Favor,None,0.7323181052477254,0.6994792723128627,0.2243391544716751,0.7323181052477254,0.043342735295410224
3745,Women empowerment,"تشارك السيدة توكل كرمان يوم غدا الخميس الموافق 25 فبراير 2021 في محاضرة عن ""دور المرأة في الثورات"" لطلاب جامعة تافتس.  الفعالية تنظمها كلية فليتشر للقانون والدبلوماسية بجامعة تافتس الأمريكية.  #توكل_كرمان #تمكين_المرأة #الربيع_العربي ",2,1,Favor,None,0.6153844834139872,0.6990990692668879,0.006463831077350558,0.6153844834139872,0.3781516811491018
3750,Women empowerment,"MENTION ماعندي مشكلة وي حلمها وهي مو هنا حتى تحدث الصعوبات الذكورية هاي نقطة مهمة  خلافي وي المنتج وي طريقة طرح المنتج ""تمكين المرأة"" تسخيف هذا وتسطيح للمصطلحات  وبعدين النقد شي عادي ليش ينگال عليه حقد وغيرة؟",2,1,Favor,None,0.5437258070618555,1.0030854610119546,0.204286082473991,0.5437258070618555,0.2519881162603297
3769,Women empowerment, كل شوي جايب طاري النساء يبيهم يوقفون معه 😭😭😭😭😭  كل سطر وسطر جايب تمكين المرأة,0,1,Against,None,0.6445849128997851,0.8963680003956984,0.16638863108174948,0.6445849128997851,0.18902641880403837
3785,Women empowerment, تمكين المراه وتشغيلها والمساواة مع الرجل وبلاش رجعيه وبدنا تحرر.... صح الاجيال والنخب بدهم هيك هاي النتيجه شغل بس للبنات والشباب عاطلين عن العمل يعني فيش زواج يعني انتشار للزنى...,2,0,Favor,Against,0.7659785353489423,0.6553845067351927,0.7659785353489423,0.042773006129992734,0.19124847931070757
3804,Women empowerment,فاهمين تمكين المرأة غلط ما عمره ترا كان سواق او من ذي السواليف تمكين المرأة هو بتساوي فرص العمل و الحياء بينها وبين الرجل سالفة ان كل ما طلعت وحدة كل فترة تسوي شيء تنزلون عنها معليش مالها داعي يعني انا استفدت ايش بوحدة تسوق اسعاف حلو اول مرة الله يعطيها العافية بس شيء طبيعي ترا ,2,1,Favor,None,0.49570829634595337,0.9357334098419772,0.09405333837353526,0.49570829634595337,0.4102383671594651
3806,Women empowerment," هذا احسه من الصحونج اللي راحت موضة قطيعهم قام رز العلم بمعرفه ومسوي وطني بين فترة وفترة وهو بالأساس فاتح الحساب يصيح على تمكين المرأة ويبيها ترجع تنقبر مثل قبل عهد mbs  عاد يارب اني ظلمته وكل اللي نشوفه مجرد ""كبوات"" 😅",2,0,Favor,Against,0.787673148841305,0.6641785183465597,0.787673148841305,0.10475969381563272,0.10756717380754388
3814,Women empowerment,"الخبر صحيح لكن الست سلمى كعادة كل النسويات مع الأرقام  يوخذوا ويخلوا  الخبر يقول انه في الفئة العمرية بين ٢٠و٣٩  نسبة الإناث العاملات أكثر من الذكور  وهذا يدمر مبرر "" تمكين المرأة الإقتصادي""  والتمييز الإيجابي المدعوم  خارجيا ويقبض النسويات بالدولار  ",2,0,Favor,Against,0.8696095773275303,0.4758396563964131,0.8696095773275303,0.05478844201486071,0.07560197907653059
3851,Women empowerment, الحميريين ما عندهم تمكين المرأة😌,2,1,Favor,None,0.7811531745117579,0.6472820779509021,0.16523906799170296,0.7811531745117579,0.0536077565925986
3863,Women empowerment, ههههههههه تمكين وتوطين المرأه تحية للمنبطحين والوطنجيين,0,2,Against,Favor,0.897860950583277,0.38534911925315024,0.02391839145097203,0.0782206773278641,0.897860950583277
3921,Women empowerment,رسالة إلى المساكين المتعلقين بقشة المساواة ويطالبون بإلغاء المهر والنفقة  هذه الكويت سبقتنا في هذا المجال وقد جمعت زبالات تمكين المرأة الغربية وأشد الأقوال الفقهية على الرجال فيما يخص الحضانة والنفقة  تعتقدون أن ربعنا بيطبقون المساواة لو كان فيها ١٪ ضرر على الحريم؟ ,0,1,Against,None,0.6506617755606838,0.8784658639547672,0.21770410854430322,0.6506617755606838,0.1316340963075065
3956,Women empowerment, امس كنت وياهم فالبرنامج، تصدق ما عرفت انها، سبحان الله النفاق يجري في عروقهم، ويوم تكلمت عن الامارات وقيادتها في تمكين المراة ومساوتها بالرجل وان للمراة مكانه في كل المجالات تكهربوا هي والي معاها 😂 ..,0,2,Against,Favor,0.7979151623740657,0.6215820500560998,0.055002885490710404,0.14708197418089936,0.7979151623740657
3985,Women empowerment,اصبروا باقي حبتين وندخلكم العدة من اوسع ابوابها #تمكين_المرأة  😎💪🏼 ,0,2,Against,Favor,0.8554420551518174,0.47276520618786977,0.020834516206129947,0.1237234592751646,0.8554420551518174
9,Women empowerment, ههههههههههههههه ماعليك زمن تمكين المرأة ماراح يسوون لك شي 😂,1,0,None,Against,0.7933288601905706,0.6455875032932268,0.7933288601905706,0.13041295052865154,0.0762582053403465
30,Women empowerment,هناك من عاصر زمن تحرير السود من العبودية  وهناك من عاصر زمن تمكين المرأة واعطائها كامل حقوقها  وشاء الله أن يكون زماننا زمن اعطاء الشواذ حقوقهم وهو الأسوأ حتى الآن  أتمنى ألا تطول صولتهم,1,0,None,Against,0.45431500665205704,0.9513134451660109,0.45431500665205704,0.10164331900955803,0.4440416571432597
41,Women empowerment,  اشباه الرجال حالهم ما يسر منضغطين من بعد تمكين المرأة,2,0,Favor,Against,0.843173658948992,0.5353990726208699,0.843173658948992,0.05408451493005266,0.1027418799868268
42,Women empowerment,  عرف من وين يمسكهم يشوف الجدل وين ويشتغل عليه شاف جدلهم على تمكين المرأه وحجابها وشد حيله باقي شوي ويلبس عباية راس وقفاز عشان ينال اعجابهم ورضاهم,0,2,Against,Favor,0.6716696698388884,0.8083694294618964,0.07413815752434295,0.254192138073459,0.6716696698388884
45,Women empowerment,  شبكات دْعارة في البلد بشكل مهول كانو ينتظرون قرار تمكين المرأة بفارغ الصبر,0,2,Against,Favor,0.8422436361253858,0.5445625586572521,0.07136632466712443,0.08639005745251009,0.8422436361253858
49,Women empowerment,"  لو اخوانك انفصلو من اعمالهم وحطو بدالهم حريم تحت بند ""تمكين المراه"" راح تفهمي تغريده الاخ تركي ..  كثير شباب اعرفهم طلقو زوجاتهم والسبب الفصل الجائر .. وعدم وجود وظائف يمكن ماتشوفين ذا الشي بعينك ولا يهمك  لكن بكره بتشوفي نتائجه ",0,1,Against,None,0.6750766864899864,0.8512141011922043,0.1895284804488322,0.6750766864899864,0.13539483782705639
54,Women empowerment,يا قلبي على تمكين المرأة.. بكى والله 💔💔💔 URL,2,1,Favor,None,0.5240798818210661,1.0039691504729547,0.30281333211658645,0.5240798818210661,0.1731067929774767
56,Women empowerment,ليش تمكين المرأة ما جاء الا مع الغلاء 😮‍💨,0,1,Against,None,0.6507288698751734,0.7864825271102359,0.3014419447660397,0.6507288698751734,0.04782918488884499
59,Women empowerment, تمكين المرأة ♥️ تصرف علي وانا نايم بالبيت,0,2,Against,Favor,0.7498180764445916,0.735945777701142,0.12559798298490288,0.12458395720247104,0.7498180764445916
83,Women empowerment,  تمكين المرأه صارت فساد ؟؟ يبون يعزونك و يرفعونك عن الحاجة و انتي تقولين فساد ! عجيب تفكير البعض,2,1,Favor,None,0.7707041935071111,0.6608547702681716,0.17755979633889146,0.7707041935071111,0.051736054859931824
115,Women empowerment,  ذكرتني بواحد يسولف يثني على القرارت الخاصة بالنساء من التوسع في توظيفهن والسماح لهن بقيادة السيارك وغيرها وفي نفس السالفة يشتكي ويتذمر من نسبة الطلاق المرتفعة وعزوف العزاب عن الزواج وان هذا سيشكل مشكلة حقيقية  والمصيبة انه مايستوعب ان ماي,0,2,Against,Favor,0.8553289750373183,0.5097435426784845,0.05564130578693051,0.08902974932003828,0.8553289750373183
139,Women empowerment,  للحوار اداب وثقافة، احد مخرجات تمكين المرأة المزعوم هو تطاولها وخروجها عن المألوف في النقاشات والتي يستحي الرجل العاقل ان يقوم بها. تمكين المرأة للعمل في مجال تخصصها امر مقبول، اما مخالطة المرأة للرجل في مجال العمل فهذا منهي عنه شرعاً ول,0,1,Against,None,0.8207097987374057,0.5818657592273356,0.12301292455863043,0.8207097987374057,0.05627727144331233
150,Women empowerment,لُقمة القاضية موزارت  هذه  انجازات تمكين المرأة,0,2,Against,Favor,0.7663309356719703,0.699588392438663,0.09036224138236405,0.1433067935921916,0.7663309356719703
154,Women empowerment,  نقطة مهمة أشارت إليها إن بغض النظر أن يكون الشخص رجل أو أمرأة لكن من المهم أن يكون ذلك الشخص مناسب لتقلد المنصب. للأسف الشديد ما يحدث هذه الأيام بحجة تمكين المرأة، نرى نساء يتقلدن مناصب غير أكفاء لها.,0,2,Against,Favor,0.3816167927363784,1.0934725908437308,0.3076119776082923,0.3107712555236767,0.3816167927363784
165,Women empowerment, مستحيل ان تكون حريات دون تمكين المرأه ومستحين ان يكون سلام دون تمكين المرأه لطالما كانت الحروب ذكرا لاكن الدبلوماسيه انثى,2,0,Favor,Against,0.7361003854485277,0.7435855653533899,0.7361003854485277,0.17802395100531088,0.08587568430051702
197,Women empowerment,ياليت مع تمكين المراه يحطون الدوره عذر مقبول خصوصا اول يوم بس  ياخي ارحم من ربي مافي اذا الصلاه اسقطت عننا وقت الدوره يتسلطون علي عبيد الله ليش,2,0,Favor,Against,0.8694669608361172,0.47489636526452894,0.8694669608361172,0.07916132164075677,0.05137166182486524
224,Women empowerment,    ماقلت تمكين المرأة يضايقني قلت تمكينها بما لا يرضى الله بل لإرضاء الغرب ليقولوا السعودية ليست كما في الإعلام,1,0,None,Against,0.8852439624468713,0.435784599582358,0.8852439624468713,0.05494634111482962,0.059809684580277314
250,Women empowerment, تمكين المرأة يكون بوظايف تليق فيها موب تحطها كاشير,2,1,Favor,None,0.4278240243927409,1.065858267938233,0.2243332167493626,0.4278240243927409,0.3478427748676757
252,Women empowerment,MENTION ياخي الله يقلع الي علمكم عن تمكين المرأه انتم مكنوا الشباب العاطل مئات الشباب عندهم شهادت طيران وعاطلين عن العمل,0,2,Against,Favor,0.5558373349204524,0.9321923998794482,0.33710730084670204,0.10705538015216828,0.5558373349204524
271,Women empowerment,  *يتبع ٢ الجمعية واجبها تمكين المرأة(حتى المعاقات) لكن من ينقذ ويمكن المعاقات ماديا بائعات الشوارع والمديونات الإنجاز أن تؤهل وتمكن هؤلاء الفقيرات بمشاريع قابلة للإستمراية  لكن الإستمرارية شرطها إجتهاد وحضانة من الجمعية لهن لسنين حتى,1,2,None,Favor,0.8615625748171396,0.47955335919169595,0.034237091539524846,0.10420032806608061,0.8615625748171396
314,Women empowerment, كذلك نحتاج شريطيّات أبل و بقر و دجاج   و في حراج السيارات و حراج بن قاسم في اطار خطة #تمكين_المرأة . و أطالب بإسمي وبإسم كل الرجال تعديل قوانين المجتمع الجائر في حقنا وذلك بتسليم عهدة القوامة إلى النساء وعليهن دفع مهور الازواج والإنفاق عليه,0,2,Against,Favor,0.5168216804479917,0.793578990333883,0.02590615244350642,0.4572721522703917,0.5168216804479917
331,Women empowerment,اتمنى ان لاتهدم هذه الحركات #النسوية المتطرفة الموجة الحكومية في تمكين المراة والاستفادة من نصف المجتمع #انقذوا_رهف_اليامي,0,2,Against,Favor,0.8882574934718843,0.42754804192951945,0.05421775923354523,0.057524720132590135,0.8882574934718843
363,Women empowerment,  ياليت المرأة تعتبر خديجه رضي الله عنها تمكين للمرأة فبالرغم من ثرائها لم تخالط الرجال وقامت بعملهاكأمرأه في بيتها وانجبت وربت جيل كامل اربعة بنات قمم في التربيه فقد فرغت نفسها لتخرج قدوات للمجتمع على الرغم من زواجها المتأخرفي عمر ,0,2,Against,Favor,0.8204781607744901,0.578118475782303,0.12817703038769102,0.0513447950263066,0.8204781607744901
368,Women empowerment,   قال تمكين المرأه ما قال دعارة المرأه حدد توجهك وين انت رايح !!!,0,1,Against,None,0.8212888384668391,0.5775158574409748,0.12635452822646945,0.8212888384668391,0.052356641003427525
390,Women empowerment, الاستقلالية الماليه +التشريعات الجديدة بخصوص تمكين المرأة وإعطائها حقوقها بحد زعمهم+طبعا عقول المجتمعات السخيفه بتأثرهم بما يعيشونه المشاهير  الناس يعيشون عيشه ماهي عيشتهم  اللي على قده اصبح ياكل من مطعم بلحاله وفاتورته ٧٠ ريال لانه تأثر بالمشهو,2,0,Favor,Against,0.8343532317312232,0.5634233070262914,0.8343532317312232,0.08789121343769468,0.07775555987055376
423,Women empowerment,  الشباب كانو يعانون من زمان منبوذين من المجتمع ممنوع دخول مول ممنوع دخول مطعم لازم كرت عايله ولايقدر يتزوج مهور غاليه فساد فالتوظيف شركات مكدسه ومليان عماله منبوذين لاتجاريا لا عقاريا لا إسكان لا خدمات كلها للمتزوجين بعد كذا تمكين ا,1,0,None,Against,0.8952910054821674,0.4010343489010044,0.8952910054821674,0.03362312197208102,0.07108585732272658
429,Women empowerment,قانون الولاية بحق الإجهاض عقبات على المرأة.الحكم المسرب سيتراجع عن الخصوصية العامة التي ادعت المحكمة في رو وجودها. وحسب رأيي سيصحح خطأ أدى الى تمكين اليسار المتطرف من الطعن في كثير من القوانين خصوصا ما يتعلق بالاخلاق بحجة الخصوصية.,1,0,None,Against,0.8144042319001381,0.5984004550507255,0.8144042319001381,0.12301060381026362,0.06258516457116349
441,Women empowerment, والشباب عادي عطاله اهم شي تمكين المرأة,0,2,Against,Favor,0.8324420676950595,0.560526428613922,0.058724339459802294,0.10883355780281756,0.8324420676950595
484,Women empowerment, نريد تمكين وإستقلال للمرأة ؛ لكن بنفس الوقت لا نريد أن تأخذ مكان الرجل! فيجلس الرجل وتعمل المرأة؛ فلا الرجل عمل وإستقر وبنى بيت ولا المرأة إكتفت بالعمل فقط!! أظن الآن الرجل يعاني من البطالة أكثر من المرأة وهذا مشاهد وملموس و وجدت إحلال للمرأة ب,2,0,Favor,Against,0.8784795674054509,0.4482800925120769,0.8784795674054509,0.04198945569268632,0.07953093961440034
489,Women empowerment,ونماذج عن التصور السطحي العبيط لتمكين المرأة بانه في اي مكان حكومه او منظمه حطو واحدة ولا أثنين في مركز مهم وهكي نكونو حققنا تمكين المرأة قدام الدول اللي برا ونتفكو من نفخ الرأس... ونولو نديرو نفس اللي كنا نديرو فيه براحتنا URL,0,2,Against,Favor,0.7342931777679924,0.720410654836589,0.05962539789258971,0.20608145656424226,0.7342931777679924
500,Women empowerment, اهم من اثنى على قرارات تمكين المرأه هي ابنه الرئيس ترامب  ما علاقه الدعم والتعزير بقرار يحمل خصوصيه بالنسبه لمحتمع ديني ومحافظ عوضا عن انه شأن داخلي اصلا .. !! ما المقصود فعلآ ؟ ..,0,1,Against,None,0.6068534929468838,0.9059070357259558,0.2802000769606005,0.6068534929468838,0.11294642869666928
532,Women empowerment, على الأقل من ٢٠٠٦ وقت تمكين المرأه هذا لايعني أن الجميع ( لا حشى ) ولكن من خرج للساحه السياسيه فشلن .. هذا واقع,0,1,Against,None,0.500583504018135,1.025766255518644,0.1918059084248911,0.500583504018135,0.3076105661832008
547,Women empowerment,مهما وصلت المرأة من تمكين وحرية يبقى الرجل سند وراحه لها فالتقو الله فيهم عاملوهم بالحكمة والصبر كونوا قدوة لهم لاتجعلوا مساحة الحرية كبيرة فتاتي العلاقات السامة تدمر حياتهم  #صباح_الخير,0,2,Against,Favor,0.830426726441168,0.5668209978446552,0.10707254124090405,0.06250072724006774,0.830426726441168
586,Women empowerment,  الدولة عندما سنّت الانظمة الجديده من تمكين المرأة والحريات المنضبطة وكذا نظام التقاضي وقعت مثل الصاعقة على الغرب مما جعلهم يناصبون الامير محمد بن سلمان العداء علانية لأنه اصلح وقطع المسوغات التي يدندنون حولهاⓂ️,1,2,None,Favor,0.9175621887326957,0.33021290891389765,0.0198717755708118,0.06256606316334053,0.9175621887326957
604,Women empowerment, تمكين المرأة أقول لك,1,2,None,Favor,0.5942548889660999,0.8892948708149455,0.08944748604922026,0.3162976364075602,0.5942548889660999
615,Women empowerment, الله يخارجنا منها حنا يادوب متخارجين مع الكبتاجون جابو شيء ماله علاج اعتقد انه مادخل للبلاد الا مع الانفتاح السريع ويبدو انهم ماحسبو حساب المخدرات والمسكرات الله يعافينا  وين دور الاعلام ووزارة الرياضة والتعليم  اذا صارت مقابله مع مسئول ماهو حافظ,1,0,None,Against,0.4889080423634896,0.900142523400562,0.4889080423634896,0.43939145543433555,0.0717005235080016
628,Women empowerment,رؤساء تحرير الصحف السعودية الرجال  جهزوا أنفسكم للرحيل قبل 2022   الإناث قادمات لإستلام المهمات 👩‍🏫👩‍💻👩‍🎓👱‍♀️  #تمكين_المرأة  #الاعلام  #جريدة_الرياض  #عكاظ  #الجزيرة  #الشرق_للأخبار  #الشرق_الأوسط  #صحيفة_المدينة  #صحيفة_مكة  #صحيفة_البلاد  #صحيفة_الوطن,0,2,Against,Favor,0.8906062930239477,0.4007340082911437,0.022423855812354072,0.08696986833672857,0.8906062930239477
633,Women empowerment,  قوانين مجنونه متخلفه كلها ظلم و عبودي و إهانه و لا عقلانيه السيس مع #تجديد_الخطاب_الديني  و #رؤية_السعودية_2030 مع #المسوات و #تمكين_المراه وبإذن الله القوانين المتخلفه تصير من التراث,0,2,Against,Favor,0.5909957300451791,0.8610880961469621,0.34064248472830766,0.06836178451743073,0.5909957300451791
634,Women empowerment, خيالهم واسع المناهضين للمرأه و تمكين المرأه. 🤦🏻‍♂️,2,1,Favor,None,0.6151139027342312,0.864373360742742,0.08094168702134355,0.6151139027342312,0.3039443818963317
641,Women empowerment,منتدى الفكر العربي يناقش تمكين المرأة والشباب في الأردن URL  #الأردن #جريدة_الدستور_الاردنية #مصلحتك_في_اللقاح URL,1,2,None,Favor,0.8196056452338187,0.5157638301250609,0.011870926803266579,0.16852341464305964,0.8196056452338187
645,Women empowerment,«وزارية تمكين المرأة» تناقش شروط آلية عملها المرجعية URL  #الأردن #جريدة_الدستور_الاردنية #مصلحتك_في_اللقاح,2,1,Favor,None,0.5067846879056989,0.9530799061723514,0.10862256210130154,0.5067846879056989,0.3845927570508703
646,Women empowerment, بركات تمكين المرأة اترحمنا 😂,2,0,Favor,Against,0.6216773474392453,0.8995037141228246,0.6216773474392453,0.11989069179220883,0.25843194301665096
649,Women empowerment, ماشاء الله انعم واكرم..... شكله فاهم تمكين المرأة خطاء,0,2,Against,Favor,0.8713721771561673,0.4700235179889336,0.05069848243670518,0.07792930788361463,0.8713721771561673
678,Women empowerment,” التوكيلات العالمية ” تُقيم ملتقى هونشي النسائي الأول بعنوان تمكين المرأة السعودية URL,1,2,None,Favor,0.8699254264553162,0.4073767369147938,0.004892379863187274,0.12518218543508797,0.8699254264553162
711,Women empowerment,دول رجالة مصر اللى بيحمو البلد بدمهم وبيشتغلو ليل نهار علشان خاطر ولادهم وزوجاتهم ...على فكره الشهداء دول هم هم اللى الدنيا مقلوبه عليهم دلوقتى بحجة تمكين المرآة وعمالين يخربو فى بيوتهم بأفكار مسمومه ..اللى بيبكى على دول يحافظ على اللى زيهم الحب مش بيتجزأ URL,0,2,Against,Favor,0.853422683425627,0.503942999232863,0.04136500327852525,0.1052123111785834,0.853422683425627
735,Women empowerment,14- Gunjan Saxena  بالإصرار والصبر تتحقق الأمنيات  لكن في عصر تمكين المرأة  هل يوجد عائق نحو تحقيق الأهداف؟! URL,1,2,None,Favor,0.5091194867989661,0.8570615199234548,0.05115964656169265,0.43972088628522255,0.5091194867989661
737,Women empowerment, احلى فعالية و انت تسمع صياح عبيد الكورة و هم يتقطعون على تمكين المرأة,2,1,Favor,None,0.6744128619059863,0.7509096254829111,0.03928873091015831,0.6744128619059863,0.2862983602566635
739,Women empowerment,تمكين المرأة اكتر من كده ! 😂😂 URL,0,2,Against,Favor,0.6577239251873586,0.8432389703174612,0.24877730709044207,0.09349881408234073,0.6577239251873586
756,Women empowerment,الي يمسك تمكين المرأة لازم يكون فوق الأربعين متزوج وفاتح بيت عشان يفهم ويستوعب جميع الأبعاد شاب عاطل= دمار,0,2,Against,Favor,0.8642313861417785,0.48816138679835075,0.05330995873287665,0.08245863568089769,0.8642313861417785
779,Women empowerment,#اكثر_شي_يخيف_الرجال  تمكين المرأة👍👍 خايفين نرد لهم الصاع صاعين ونصفي الحسابات القديمة😜😜😜,2,1,Favor,None,0.574384959420657,0.9392604203251778,0.3011344522577061,0.574384959420657,0.12448060426092189
818,Women empowerment,وضع الصحوي و هو كل مرة يشوف قرارت الحكومة في تمكين المرأة و الفنون URL,1,2,None,Favor,0.8002861072739442,0.6176725930891355,0.055129841467641647,0.14458403356033425,0.8002861072739442
840,Women empowerment,  تمكين المرأه في المراح .,0,1,Against,None,0.7282016933220807,0.6876197180231498,0.03406475733543205,0.7282016933220807,0.23773356395592715
874,Women empowerment, بركات تمكين المرأة,0,2,Against,Favor,0.8588359546634079,0.46342586113798845,0.0193192214401663,0.12184480737457094,0.8588359546634079
877,Women empowerment,#يحدث_الان معسكر الحياة لتطوير المشاريع الصغيرة بالشراكة مع شركة تمر   والذي يقدم اليوم مهارات خدمة العملاء مع أ. إيهاب شطا  ذلك للمساهمة في تمكين المرأة من خلال البدء في تحسين و تطوير مشاريعهن. URL,1,2,None,Favor,0.8773894096048617,0.3912779248420239,0.0044679030451729084,0.11814266667467821,0.8773894096048617
879,Women empowerment, ملف تمكين المرأة اوك ماشي صح وقواكم الله بس انتم فتحتوا ملف تكبيل وتقييد ونحر الشباب السعودي بدون شعور ،، الموازنه مطلوبه ،، الشباب اصبح مع انظمتك معطل تعطيل كامل،، نتمنى من سمو ولي العهد الالتفات للشباب السعودي وفتح مجالات العمل لهم,0,2,Against,Favor,0.9251634499997562,0.31738898000736576,0.041551217412712886,0.03328534455210121,0.9251634499997562
885,Women empowerment,مايا مرسي تستعرض جهود مصر في تمكين المرأة مع مسئولة أممية URL,1,2,None,Favor,0.5908838705039876,0.7641177509945742,0.022659148787033265,0.3864570090463262,0.5908838705039876
907,Women empowerment,ببساطة لان اي تمكين اقتصادي او تمكين معنوي للمرأة بنظرهم تهديد لسلطتهم عليها اولا ولتغلغل فكرة انها ممكن تنحرف وهي مو جوا عينهم ثانيا  الرجال بالعراق بشكل عام يتخوفون من اي شي يخص تكمين المرأة مع رشة استهزاء والكثير من لعبان النفس URL,2,0,Favor,Against,0.43898480866103823,1.0738879806856123,0.43898480866103823,0.2941216717794357,0.2668935226166987
940,Women empowerment, المشكلة تكمن انه اصحاب القرار ما بدهم تمكين المراة 👏🏻,0,2,Against,Favor,0.42578633601392035,1.0664234995962256,0.22468143908971197,0.34953222152768215,0.42578633601392035
971,Women empowerment,#التجنيد_الموحد_وزاره_الدفاع  يجب إعادة النظر في مايسمى تمكين المرأة بحيث يلزم أن  توافق ضوابط الشريعة الإسلامية!,0,2,Against,Favor,0.6723779343258403,0.8556406771257745,0.1384845232323248,0.18913751978371182,0.6723779343258403
979,Women empowerment, زمن تمكين المرأه صارو فولاذ لم يعودو قوارير الله يخلف على الرجال,2,0,Favor,Against,0.45143062713020427,1.0529320855852808,0.45143062713020427,0.33965158173692456,0.20891781045555566
1003,Women empowerment,هيئة الاعلام والاتصالات تنظم مبادرة لدعم تمكين المرأة في مجال الاتصالات وتكنلوجيا المعلومات URL,1,2,None,Favor,0.8778349132104925,0.39526146844716703,0.006038150865144517,0.11612692054583929,0.8778349132104925
1032,Women empowerment,التقت وزيرة التعاون الدولي المصرية الأسبوع الماضي مع مديرة الوكالة #الأمريكية للتنمية الدولية لمناقشة التعاون الجانبين في مجال تمكين المرأة المصرية. تعمل #الولايات_المتحدة دائما على الاستثمار في تنمية مهارات #المصريين وتطوير البناء المجتمعي. #ضد_الحرب_على_أوكرانيا #مصر #القاهرة URL,1,2,None,Favor,0.8601167006743882,0.4520063531049818,0.014810957293702923,0.125072356522839,0.8601167006743882
1033,Women empowerment,الدوله تسعى لتمكين المرأه يادكتوره لمياء لكن للأسف هناك عينات من النساء بدأو يعتقدون أن التمكين يعني ان يخرجو عن الفطره والدين ويخالفو النظام تحت ذريعه تمكين المرأه .  وايضا الحمد لله هناك نماذج مشرفه كثيره مثلك نفتخر بها . URL,0,2,Against,Favor,0.9239841618621578,0.30793617245225474,0.01591675718095834,0.06009905842106566,0.9239841618621578
1036,Women empowerment, فاهم الرجولة غلط فاهم الزواج غلط يعيش حالة انكسار بعد #تمكين_المرأة,1,0,None,Against,0.859161572157582,0.5005656866915572,0.859161572157582,0.08613844062389023,0.05469999051042299
1049,Women empowerment,تضمن المهرجان ايضاً كلمتين مقدمة من قبل منسقة المركز ومن مسؤولة قسم تمكين المرأة  وكذلك فقرات موسيقية ترفيهية كالعزف على العود وعرض من قبل فرقة جمار.,1,2,None,Favor,0.8671990107998235,0.4108712901076676,0.004363375870014686,0.12843763910680844,0.8671990107998235
1050,Women empowerment,اقام فريق الثورة انثى في محافظة ذي قار يوم السبت المصادف ٩ نيسان ٢٠٢٢ ندوة حوارية حول قرار مجلس الامن ١٣٢٥ بشأن المرأة والسلام والامن بالتعاون مع لجنة تمكين المرأة في نقابة المهندسين.  #AlThawra_Untha #الثورة_انثى URL,1,2,None,Favor,0.7408765854560815,0.6141227696293019,0.009886081748627654,0.249237316118477,0.7408765854560815
1073,Women empowerment,ما يستفاد من القصة ، تمكين المرأة ممكن يكون سبب بكاء الرجال بس فيه انقاذ حياة ،، ,2,0,Favor,Against,0.8217167780565549,0.5909275552620203,0.8217167780565549,0.10041391079749513,0.07786934083335817
1083,Women empowerment,  رؤية الدولة من تمكين المرأة أمر صحيح ولا غبار عليه، لكن فهم المرأة العقيم من هذا التمكين هو الذي خرب البيوت، المرأة كانت تدرس وتذهب للخارج وتدرس وتعمل في جميع المجالات وكانت متمكنه ولا ضير في ذلك، أحسنوا الفهم حتى تسير الحياة وأعلموا ما,0,2,Against,Favor,0.8183154145948881,0.5922682185147919,0.06474454320541036,0.11694001585492705,0.8183154145948881
1100,Women empowerment, نقصد بالتويتة ان الرجل مش نسوي لانه لم يتم اضطهاده ع اساس جنسه ولم تُسحب منه امتيازات ع اساس جنسه لانه ذكر ف الاول والاخر  دعمي لحقوق الاكراد او الطوارق متلا ميخلينيش كردية او تارقية  بس مش معنى هادا ان الرجل ميقدرش يدعم تمكين المراة بالعكس,2,1,Favor,None,0.745688700323112,0.7396081987509275,0.10554946779210489,0.745688700323112,0.14876183563069312
1139,Women empowerment,ترا والله احنا نعاني حتى لو نكتب تغريدة عن اي شي ينطون الربع🙈 تغريدة فخر عن تمكين المرأة بو محمد ليش زعلان؟😜 ,2,1,Favor,None,0.5643773382912843,0.9176131061853471,0.09843618289009254,0.5643773382912843,0.33718645160199917
1154,Women empowerment,"- المرأة وحاجة المجتمع - ساهمت الصحوة بشكل كبير في جعل المرأة بلا عمل بحجة ذكورية ""أن الرجل عيب تصرف عليه المرأة"" - التيار الصحوي جعل من المرأة منصة للصراع لضمان البقاء والسيطرة على المجتمع - تأثير الصحوة انعكس على عقلية الحكومة تجاه تمكين المرأة د. عبدال",2,0,Favor,Against,0.8959554270157305,0.40549720662746586,0.8959554270157305,0.04692120115283522,0.05712337440654665
1155,Women empowerment,  هذي الوظيفة كانت حصرية للذكور بس مع تمكين المرأة بديت اشوف تزاحم عليها 😂,2,0,Favor,Against,0.5096729582799601,1.0055101152965105,0.5096729582799601,0.32623269896953344,0.1640943304151175
1156,Women empowerment,  سلملي على تمكين المراه,0,2,Against,Favor,0.683696026437344,0.7392312880452715,0.037515976007785445,0.27878797435043795,0.683696026437344
1158,Women empowerment,تظل مشكلة المرأة، بالدرجة الأولى، اقتصادية... تمكينها اقتصاديًّا (استقلالها ماديًّا) هو مفتاح تمكينها الفعلي، وما عدا ذلك فأي تمكينٍ آخر لها سيكون تمكينًا مبتورًا.,2,0,Favor,Against,0.697646636587171,0.8006072498892383,0.697646636587171,0.20790017751518394,0.0944531775197813
1166,Women empowerment,وأكيد منع التواصل العلمي مع الأماكن العامية والمؤتمرات العالمية بالذات و.... ظرف مشدد للعقوبة في بلد لتتحدث عن تمكين المرأة و.... . لذلك بأدعي على النفوذ وعلى الساكتين عليه في البلد دي  لأن الذنب هنا مش ذنب القانون,2,1,Favor,None,0.49200156299883485,1.0062085797728044,0.3521444837764642,0.49200156299883485,0.15585396590659625
1168,Women empowerment,في أول منصب قيادي تشهده صحة #الحدود_الشمالية  وتماشياً مع سياسة تمكين المرأة ذات الكفاءة والخبرة  . فقد تم تكليف د. ميساء السويلم مساعداً للمدير العام للطب العلاجي بالمنطقة  #عرعر URL,1,2,None,Favor,0.9233366750751016,0.28259594614975236,0.002811237782241542,0.07385213097500175,0.9233366750751016
1179,Women empowerment, من الشروط ان يكون الأب والجد سعوديي الأصل والمنشأ  والأم سعودية الأصل والمنشأ  وبعد تمكين المرأة من الالتحاق بالسلك العسكري أضافوا شرط وهو عدم الزواج من أجنبي   بالنسبة للعسكري ممنوع يتزوج من أجنبية اللهم بلغت 😊,1,0,None,Against,0.8413025373969999,0.5443300729611641,0.8413025373969999,0.09516623334054176,0.063531247541667
1186,Women empowerment,جاهل  المجتمع بدون المرأة وبدون تمكين المرأة مايسوى فلس URL,2,0,Favor,Against,0.7065259289869721,0.7969037759982203,0.7065259289869721,0.18798052361277148,0.10549353964524708
1208,Women empowerment,🔴من الخاص  السلام عليكم ورحمة الله وبركاته بين ايديكم استبان لبحث بعنوان (مدى الوعي الاجتماعي بقيمة عمل المرأة وعلاقته بواقع تمكين المرأة في ظل أهداف التنمية المستدامة بمنطقة جازان) نرجوا المشاركه في الاستبيان URL,2,1,Favor,None,0.880337397802738,0.40157801296482976,0.010393864780318486,0.880337397802738,0.10926874859938164
1224,Women empowerment,اليوم تم إستضافة أ.أحمد عماش و أ.عبدالله الجهني بمقر الجمعية وحوار ثري تم فيه شرح اهداف الجمعية ودورها في المجتمع وسعيها الحثيث في توطيد الاستقرار والأمان الاسري بالمنطقة وبحث سُبل #تمكين المرأه بالمجتمع✨ URL,1,2,None,Favor,0.8515174621407222,0.4374423878026231,0.0037163992887315664,0.1447661805162059,0.8515174621407222
1235,Women empowerment,عنز بدو طاحت في مريس  هذا حال ربعنا جهله ولا يفهمون  يتعلمون مصطلحات جديدة مثل تمكين المرأة مثلا ومن اليوم الثاني يقلبون اغلب الوظائف في المملكة لوظائف نسائية.  سمعوا بالغطاء النباتي قرروا يوقفون تجارة الحطب ويستقعدون لأهل الحلال مع انه مصدر رزقهم.,0,1,Against,None,0.7359445349545737,0.7570411620444296,0.15268170675141693,0.7359445349545737,0.11137375891240994
1243,Women empowerment,".  كن غَالبيّةُ هذهِ الحُقوق خُصوصًا ما يُسمى "" تمكينُ المرأة"" ليسَ على ضَابطِ حفظهَا وَصونها، فحقوق المرأة أن تحفظَ كرامتها لا أن تستخدمَ قيمتها وجسدها، لكنّها ومن المُؤسف أنّهُ يُسْرعُ استغفالهَا سَواء بدعوى الاحتياج أو بِدعوى التهوين والتطبيع على انسلاخهَا من هويّتها،   +",1,0,None,Against,0.8019623974744481,0.6348036958132844,0.8019623974744481,0.09535716647747126,0.10268045659128358
1275,Women empowerment, تم #تمكين_المرأة بنجاح     عاجبكم الوضع صح يا   ؟ الى هذا المستوى من الاستعباد اللي وصلتوا بناتنا له بقرارتكم واهمالكم وتواطئكم  . سواد وجه الى يوم الدين,0,2,Against,Favor,0.678128758981686,0.7529043761505853,0.27988805732628524,0.04198317483307295,0.678128758981686
1281,Women empowerment,تمكين المرأة ومشاركتها في القوى العاملة – غسان عدنان العاني URL URL,2,1,Favor,None,0.9282568709627715,0.2991759698220373,0.018594399807567327,0.9282568709627715,0.053148727264086905
1306,Women empowerment,"""جبت لك ورقة من سيد سيدك"" هذا إحساسي مع كل قرار صدر في تمكين المرأة.. ",2,0,Favor,Against,0.5267193126196144,1.0197407251288761,0.5267193126196144,0.23935272717795691,0.23392792562899054
1353,Women empowerment,   كذاب ومنافق   عارف إن تمكين المرأة فيها منح حريات قريبة من حريات الغرب   بس أنت تمارس التقية والنفاق زي كثير من اللي أفتارهم سمو ولي العهد الله يحفظه وكلامهم يخالف تطلعاته 😏,0,2,Against,Favor,0.8871231167230713,0.42756878860266784,0.043147134212413916,0.06972975016103097,0.8871231167230713
1354,Women empowerment,   😂😂😂😂 طيب أعيد السؤال يمكن ماسمعته زين  أنت تقول تمكين المرأة حسب الشرع  طيب أنتم ياصحونجية هل تشوفون إن وجود المطربات من التمكين الموافق للشرع 😏,0,1,Against,None,0.845950291639737,0.5311075775893787,0.09719021381322465,0.845950291639737,0.05685947713022783
1371,Women empowerment,#ساعد_زوجتك_بالمطبخ  فالقانون الجديد يعتني بحقوق النسوان ومن أهم بنوده يا شاطر  ( تمكين المرأة ) خارج المطبخ  والرجل داخله 😂😂😂😂 ,0,2,Against,Favor,0.8891673574982724,0.40221723645027363,0.021110112020790144,0.08972254864762334,0.8891673574982724
1389,Women empowerment,  كل شي معها ذلحين تمكين المراه,2,0,Favor,Against,0.41045250650802706,1.0856634432814611,0.41045250650802706,0.29390449427160203,0.2956430149675158
1399,Women empowerment, أهم شي تمكين المرأة   ودفعها إلى سوق العمل   الخصوبة والأسرة وقيم المجتمع آخر شي نفكر فيه,0,2,Against,Favor,0.811269609820235,0.6120496653535291,0.11154470246128721,0.07718572215983105,0.811269609820235
1400,Women empowerment, التواريخ المؤثره في حياتك ( طبعا تاثير حلو زي ولادتك طفولتك تخرجك …)- شعور بالتطور -تمكين المراه- الامن الامان في دولتنا - شعورك بعد ازمة كورنا واربيطها مع شهر رمضان-,2,1,Favor,None,0.7313492173447003,0.6465157190521043,0.017458736960878636,0.7313492173447003,0.25119206593817145
1407,Women empowerment,تمكين المرأة يبدأ من التعليم والوظيفة  الحجاب من عدمه شكلي. لو نزعو الحجاب ولكن الفقر والجهل موجود ايش اللي حيتغير؟! URL,2,0,Favor,Against,0.7831236348954967,0.6278466072394786,0.7831236348954967,0.17603376826280737,0.040842618960683606
1410,Women empowerment,  تمكين المرأة  من كل شي خاصة  ال خ لوة  بالذكور في العمل .,2,1,Favor,None,0.5376040269558481,0.8936041869127249,0.07397504819070694,0.5376040269558481,0.3884209475636101
1431,Women empowerment,     شقاعده تهبدين؟ شدخل تمكين المراه في الموضوع و وين الغلط في التمكين؟ بشكل عام اذا عفى احد الورثه خلاص يسقط حكم القصاص  لكن الحين نفسه فيه تفصيلات,2,1,Favor,None,0.8586215344046466,0.501429669387472,0.08747519631559036,0.8586215344046466,0.0539032715672495
1446,Women empowerment,  والله شيء مؤلم نساء كبيرات بالسن ويجعلونهم تابعات لولي الأمر أين تمكين المرأة؟ نحن في زمن الملك سلمان الذي كفل حقوق المرأة وصانها ولكن يبدو ان بعض المسؤولين في الضمان الاجتماعي لا يواكبون العصر ولا رؤية ملكنا حفظه الله 🙏 #الغاء_اس,2,0,Favor,Against,0.6033098083291564,0.83922051184864,0.6033098083291564,0.0594396474120285,0.3372505478682889
1447,Women empowerment,والله شيء مؤلم نساء كبيرات بالسن ويجعلونهم تابعات لولي الأمر أين تمكين المرأة؟ نحن في زمن الملك سلمان الذي كفل حقوق المرأة وصانها ولكن يبدو ان بعض المسؤولين في الضمان الاجتماعي لا يواكبون العصر ولا رؤية ملكنا حفظه الله🤲 #الغاء_استقلاليه_الضمان_مطلب #الضمان_الاجتماعي URL,2,0,Favor,Against,0.6622068392099318,0.7993831324015466,0.6622068392099318,0.061192078902169,0.2766010589599109
1472,Women empowerment, نسميها ام ثوم عشان تمكين المرأة و كذا,0,1,Against,None,0.88394994741875,0.42844491914207306,0.03319566333099393,0.88394994741875,0.08285441587014479
1508,Women empowerment, هاديه .. رايقه ومافيه شي ممكن يعصبك 💅🏻 .. تحبين خوليو اغلاسياس أكثر مني 💔 .. مع تمكين المرأه وبقوه 😂❤ .. 24 ساعه تتقهوين ☕ .. ماتحبين السفر أبددااا 🙅🏻‍♀️ ..,2,1,Favor,None,0.5899122103556186,0.8093164225568623,0.04060626325032997,0.5899122103556186,0.3694815038950692
1535,Women empowerment,هيفعلوه ان شاء الله بس معلش هتلاقي طروق بيعمل واحد مع سيادة وزيرة الاستثمار دودو الي هما كانوا سايبين شغلهم و قاعدين يعملوا وحايد فالدرا لحد ما ربنا كرمهم و اتجوزوا رسمي و قعدها فالبيت تعمل محشي و عملوا قرشين حلوين و طبعا انا بحب احي طروق على اختياره للمرأة و احب احي تمكين المرأة URL,2,1,Favor,None,0.6298061995387709,0.7802106125492909,0.03738811985273894,0.6298061995387709,0.33280565594195516
1539,Women empowerment, تمكين المرأة  يظنونه خيراً وهو شراً لهم.,0,2,Against,Favor,0.5292283404720594,0.9440877667922049,0.3635036327166665,0.10726802216644074,0.5292283404720594
1545,Women empowerment, الإمارات ما سوت كذا ولا قطر ولا الكويت ولا أي دولة فقيرة أو غنية ليش عندنا كذا   ليش تمكين المرأة أصبح أضحكوكة   ليش هالمسؤولين فاغرين محتوى ودراسة وإنتاجية   إهانة المرأة من خوارم المروءة  ,2,0,Favor,Against,0.9146118893633429,0.3509175855708966,0.9146118893633429,0.043138444387575615,0.04224966202233192
1546,Women empowerment, الظاهر أن تقديم الزانية في الآية يشعر بأن الزنى لا يقع في الأغلب اذا امتنعت المرأة عن تمكين الرجل وان كان كلاهما مشترك في الاثم والعقاب,0,1,Against,None,0.8446004526120421,0.5116181030616636,0.12292557422220962,0.8446004526120421,0.03247394830965498
1557,Women empowerment,بدون عمل المرأة في القطاع الاقتصادي المنظم ( المدر للدخل ) فإن أي حديث عن تمكين المرأة يعتبر ناقصا . فتعليم المرأة وحده لا يكفي ..اي نعم إنه تمكين ( جزئي) لكنه لن يكتمل إلا بالتمكين الاقتصادي,2,0,Favor,Against,0.6906934214623195,0.8005577877450722,0.6906934214623195,0.08515076756282425,0.22415581791722206
1558,Women empowerment, مشكلة حملات تمكين المرأة في الكويت انها مركزة على المرأة في الأماكن القيادية ولا تلتفت على المرأة الضعيفة المغلوب على أمرها. لن يوصل المرأة ويمكنها الا المرأة. فيجب ان تتغير منهجية حملات تمكين المرأة وتعمل بنطاق أوسع.,0,2,Against,Favor,0.546268055798731,0.9058434784591978,0.36999653090952356,0.0837353931767276,0.546268055798731
1580,Women empowerment,"التعريف الحقيقي لشعار ""تمكين المرأة""👇🏻 URL",0,1,Against,None,0.8826294046122256,0.4408100772700497,0.047363049481377345,0.8826294046122256,0.07000755508159145
1582,Women empowerment,طول العهود الي فاتت المراة مكانها البيت ولا شفنا تطوير ولا ايت تبن لما صار تمكين المراة بعهدنا تبون ترجعون البنات البيوت لن معد صار بيدكم حجه انو البنت مكانها البيت وربي انكم تفشلون وياليت انت تنشغل بنفسك ولا سوي لك انجاز عشان نفتخر فيك زيها,2,0,Favor,Against,0.561560668150659,0.7946817577660694,0.561560668150659,0.029894057334144766,0.4085452864541491
1600,Women empowerment, انا اعتقد ان القضية في تمكين المراة ومساواتها بالرجل (وهي مثله) هي قضية نبيلة لكن خالطها عنف في الاجبار على سلوك واتجاه محدد فصنعت الصورة الخاطئة  اتفق معك يا غدي في طرحك.,2,0,Favor,Against,0.7068436228866883,0.7743227107092749,0.7068436228866883,0.07754889843055884,0.2156074667008347
1612,Women empowerment, تمكين المرأه,1,2,None,Favor,0.7239717081721324,0.7145025839480444,0.046611616049195725,0.22941669001131093,0.7239717081721324
1638,Women empowerment,"• أخذ الفنانين الشجعان مواهبهم إلى آفاق جديدة  • شهر رمضان فرصة لإثارة النقاش حول القضايا المثيرة للجدل  • الدول العربية مدركة كيفية استخدام الغرب لتحرير المرأة كأساس لتبرير التدخلات العسكرية   • تمكين المرأة أداة انحراف لتجنب صورة دولة ""متخلفة""    URL",0,2,Against,Favor,0.8714616772293672,0.4701508440101813,0.051525208375450424,0.07701314884671133,0.8714616772293672
1665,Women empowerment,لا فرق بين الرجل الذي يمارس سلطته الأبوية أو الزوجية على المرأة مكرهاً لها على غير مصلحتها أو رضاها، وبين دعاة #تمكين_المرأة من الرجال والنساء الذين يستغلون هذه التصرفات. الطرفان يعملان على هدم الأسرة. والطرفان سبب رئيسي للتحرش الذي يصدر من الطرفين، والعنف ضد المرأة والرجل معاً.,2,0,Favor,Against,0.8368552470394068,0.5542941488781795,0.8368552470394068,0.09873299635895388,0.06441179441990978
1753,Women empowerment,الي يتكلمون عن #تمكين_المرأة  ينطمون ولا اسمع لهم صوت هكذا تدمجون المرأة في سوق العمل ان اشوف ان هذه اهانه ل #السعودية قبل ان تكون اهانه للمرأه #رساله_لجنودنا_اسود_الوطن #تصويري ,0,2,Against,Favor,0.4847151345800476,0.8883557166991983,0.4500841780466357,0.06520068553846503,0.4847151345800476
1792,Women empowerment, تمكين المرأة بصورته الحالية مخالف لشرع الله تعالى قال ربنا ( وقرن في بيوتكن ) وقال سبحانه ( ولايبدين زينتهن) وقال تعالى ( ولاتبرجن تبرج الجاهلية الاولى ) وعن امرأتي مدين ( لانسقي حتى يصدر الرعاء) فلا يختلطن بالرجال وقال النبي ( اياكم والدخول عل,0,1,Against,None,0.7495581298818408,0.720330791269473,0.16960970825703794,0.7495581298818408,0.0808321995800078
1864,Women empowerment,والله شي يحزن يوم أدخل مقهى أو مطعم وأحصلهم مسلعين البنات والناس ساكتة تحت ذريعة تمكين المرأة، الواجهة كلها نساء بتصنيف معين ولبس معين وشكل معين هذا قمة التسليع الرأسمالي... ,0,1,Against,None,0.6583246328418279,0.789058790000108,0.28897538474443163,0.6583246328418279,0.05270000459183959
1931,Women empowerment,"النساء اللي وجدوا فرصة عمل في عصر""تمكين المرأة"" وتوفرت لديهم سيولة كثير منهن وضعوا سيولتهم في الأسهم أجزم أن ٩٠٪ منهن راح تخسر أموالها كما خسر الناس قبلهم وبعدهم  هذه الأسواق للمحترفين (فقط) اللهم هل بلغت",2,0,Favor,Against,0.8251572350852158,0.5646800097120466,0.8251572350852158,0.04643104739837595,0.12841169647654518
1989,Women empowerment,رحلة هوليوود نحو تمكين المرأة    في هذا المقال تناقش فاطمة الزهراء رحلة المرأة في هوليوود، من التواجد الخفيف إلى ادوار البطولة  فاطمة الزهراء #هارك #هاك_صوتك    ,2,1,Favor,None,0.9121085959665749,0.34905667218557335,0.023893537897284142,0.9121085959665749,0.06399789508339221
2000,Women empowerment,برأيكم هل يصلح أن تكون المرأة في العسكر وتشارك الرجل في الأمور الأمنية؟!!! وماذا نقول للقرار؟!!! أليس هذا تغريبا وانسلاخا للهوية الإسلامية. #تمكين_المرأة #التغريب #مهبط_الوحي #هذه_سبيلي ,0,1,Against,None,0.5600776508308516,0.8415064171719154,0.39000888235775094,0.5600776508308516,0.04991348643251064
2012,Women empowerment,غدا جلسة اصدار الحكم بقضية السيدة رضى الفران، والتي تواجه تهمة إطالة اللسان على منشور فيس بوك متعلق بصفقة القرن.  #تمكين_المرأة,2,1,Favor,None,0.9373924740571253,0.272298387164418,0.018747975540008805,0.9373924740571253,0.04385956486681436
2015,Women empowerment,جامعة الدول العربية تاركة قضايا المنطقة وجالسين يناقشون تمكين المرأة السعودية 😂😂😂,0,1,Against,None,0.5294406653571613,0.9159537617368219,0.384047719326297,0.5294406653571613,0.08651158522578317
2016,Women empowerment, مسرحية تمكين المرأه اللي قاعدين يمثلونها تضحك وتحزن بنفس الوقت💔😂,0,1,Against,None,0.6403367599791856,0.8805660381783188,0.24202207509873974,0.6403367599791856,0.1176411534962344
2025,Women empowerment,   والله انك صادق لكن فيه ناس يقحمون تمكين المرأة في كل شي حتى في اشغال المفترض والاصح انه يقوم فيها رجال صاروا يحطون نساء من باب تمكين المرأة بس بشكل غلط,2,1,Favor,None,0.5637415221045559,0.9614536150536711,0.2925908091083654,0.5637415221045559,0.1436676495536806
2077,Women empowerment,الأمم المتحدة تشيد بدور الرئيس السيسي فى ضمان تمكين المرأة المصرية  - ,2,1,Favor,None,0.8573747829770685,0.5008892422706961,0.0481350534276871,0.8573747829770685,0.0944901748845383
2112,Women empowerment,"""تعبت من الشارع أنا وعيالي، أنا من حقي بيت""  💔 . مواطنة تبكي وتصرخ بسبب حالها بعد أن أصبح الشارع مأوىً لها ولصغارها ‼️  هذا هو #تمكين_المرأة 😑 ",1,0,None,Against,0.9098268813916081,0.35508674615445,0.9098268813916081,0.06626889037098392,0.02390421667691745
2188,Women empowerment,هذا هو الي استفدناه من تمكين المراة ,0,2,Against,Favor,0.8547907800867899,0.46644508790785755,0.01685626482212612,0.12835299131375988,0.8547907800867899
2202,Women empowerment,MENTION تمكين المرأة معناه توظيفها مكان الرجل المؤهل فقط لكونها امرأة  إذا أنا غلطان صححوا لي,0,1,Against,None,0.593333591826181,0.8071335769431921,0.36631271759360806,0.593333591826181,0.04035367660836586
2206,Women empowerment,خطوات في اتجاه التمهيد للتمكين من المرأة وليس تمكين المرأة ! URL,2,0,Favor,Against,0.8259861883267501,0.5825542225839377,0.8259861883267501,0.08228117855418066,0.09173260104501674
2233,Women empowerment,  ًوالله انك مسكين ومثير للشفقة لدرجة ان المرأة قاهرتك  لهدرجة تخاف من تمكين المرأة 🤣🤣🤣 سمعني صياحك اكثرررررر,2,0,Favor,Against,0.6837015229551224,0.8193846590567662,0.6837015229551224,0.09745126005712886,0.21884724797888574
2256,Women empowerment, هذا اللي استفدناه من تمكين المرأة,0,2,Against,Favor,0.7928819779051548,0.5713097566212313,0.018012738492167387,0.18910529388444922,0.7928819779051548
2278,Women empowerment, ماشاءالله 90٪ من الوظايف للرجال!!! وين تمكين المرأة؟؟؟,2,0,Favor,Against,0.703629696749141,0.7993557933597331,0.703629696749141,0.10327081467565496,0.19309946057636568
2292,Women empowerment,شفتوا كيف يخشى الرجل من وعي النساء؟ يخاف حبيبته تسويله بلوك اذا قال لها حرمة الضعيف هذا عصر تمكين المرأة وليس الحرمة 👍🏼👏🏼,2,1,Favor,None,0.5133691531088668,1.024933867551557,0.20793614931535948,0.5133691531088668,0.27869471091611075
2367,Women empowerment,#تمكين_المرأة فشل لأن المرأة في السعودية ليست أكثر نفقة من الرجل بل لا يجب عليها النفقة أساساً ، ونرى للأسف رجال عاطلين مع نمو ملف البطالة لتوظيف نساء وتلميع صورتنا في الخارج!!  أتمنى مراجعة القرار ، فأول طريق النجاح هو الاعتراف بالخطأ🌹,0,2,Against,Favor,0.7428025356146344,0.7125027369941138,0.19489328663485822,0.0623041615989468,0.7428025356146344
2368,Women empowerment,انشغلنا عن تحسين البيئة ونهضة الصناعة وتطور التقنية الخ.. بـ قيادة المرأة - تمكين المرأة - سينما وموسيقى  هكذا يريد الأعداء ، أن ننشغل بالتوافه عن المهمات #السعودية,0,2,Against,Favor,0.8496612023434755,0.5273958231799272,0.07800983007110941,0.07232893676012925,0.8496612023434755
2369,Women empowerment,هل يشرفكم أن تعمل زوجتكم او اختكم نادلة هل هو تمكين المرأة ام تشويه صورتها #صباح_الخير ,0,1,Against,None,0.5873227939555832,0.8168091630521133,0.36917821399811823,0.5873227939555832,0.043499015914619174
2442,Women empowerment, تمكين المراة..وتعزيز مكانتها ..يصيبهم بجنون البقر..,2,0,Favor,Against,0.7860035905428802,0.6618086040387701,0.7860035905428802,0.08235672020271781,0.13163972889981584
2454,Women empowerment,"يُطلب من المرأة اليوم أن تكون الأم والعاملة واعتقاد أن هذه الهويتين يمكن الدمج بينهما بسهولة اعتقاد ساذج ! يُحط من قدر الأمومة تحت شعارات النجاح المهني السطحية والاستقلالية و ""تمكين المرأة"" حتى لو لم يُقصد ذلك. ",2,0,Favor,Against,0.5763739111159015,0.875024244669778,0.5763739111159015,0.07230920770543996,0.35131690001363736
2460,Women empowerment,منطقة نائية   سكن شركة خاص بالعزّاب   مطعم مليئ بالرجال   فيهم الصالح والفاسد ! تخيّل هذا المشهد   إحضار امرأة تتحدث عن أمر معين في وسط هذا كله ! لم يجدوا في هذه الأرض إلّا هذه المرأة - وإن كانت مستترة -   هذا ليس تمكين للمرأة   بل قلّة حياء وإهانة لها !,0,1,Against,None,0.775365081323375,0.6785581208966741,0.14534817634349642,0.775365081323375,0.07928674803733682
2609,Women empowerment,"تعيين قاضية هنا، وربما وزيرة هناك أمر لا يخدم النساء في شيء بقدر ما تستفيد السلطة من الترويج المستمر لخطة ""تمكين المرأة"" أو بمعنى أصح "" التلميع الدولي لوضع وهمي عن حقوق النساء"" ، فالسلطة التي تمنح امرأة ما منصبا من باب التمكين، هي ذاتها التي تحرم النساء بالجملة من أبسط حقوقهن!",2,0,Favor,Against,0.887881117078368,0.42267629608366586,0.887881117078368,0.07417619816300455,0.03794271253255403
2654,Women empowerment,عندي بحث عن تمكين المرأة بحثت في اغلب مقالات والبحوث الموجوده بالعالم ولاحظت ان متفقين أغلب ذكور العالم ان عائق المرأة بالمناصب القيادية هو واجباتها الزوجية والاسرية وكأنها محصورة على المرأة😅,2,1,Favor,None,0.5192647710542573,1.0031728807366993,0.16748271946213084,0.5192647710542573,0.31325249689908585
2662,Women empowerment, وبرأيك كيف الخلاص من هذا (التخلف) إن جاز التعبير ؟! الدولة اعزها الله توجهها تمكين المرأة وجعلها كائن بشري له كامل التصرف بالحقوق التي كفلها الشرع والقوانين الإنسانية ..!,2,1,Favor,None,0.5301700969090163,0.8679680170972626,0.058535967653651315,0.5301700969090163,0.4112939402720027
2683,Women empowerment, مع تمكين المرأة سوف يصبح هنالك عزوف عن الزواج لم يحصل من قبل فمن تمكين المرأة قد تحصلت على الوظيفه والمال والمسكن وهذي وحدها كفيلة لاكتفاء المرأة للاستغناء عن الرجل.,0,2,Against,Favor,0.7661428479493317,0.701279290426328,0.1403252330664235,0.09353191538193602,0.7661428479493317
2810,Women empowerment, حنا في وقت تمكين المرأة والمرأة اذا تمكنت تسلطت وتغطرست,0,1,Against,None,0.5382365779918167,0.9120335814325122,0.3758783235320307,0.5382365779918167,0.08588510390563651
2815,Women empowerment,"يتمحور مصطلح ""تمكين المرأة"" حول المرأة الفرد، وليست المرأة عضو الأسرة ونواتها؛ لذا فالمرأة المعتبرة -في نظر النسوية- هي المرأة العاملة، أما ربة الأسرة فيعتبرنها خارج السياق الدولي الجديد؛ لأنها لا تمارس عملًا مدفوع الأجر، ولأنها ربطت نفسها بالزوج والأولاد والأسرة!! أ.هدى مصلي ",2,0,Favor,Against,0.5224881595405907,0.8322685550825537,0.5224881595405907,0.4363890289762311,0.04112281313783026
2934,Women empowerment,مسيكين مقهوووور مارح أناقش بمنطق وبعقل العقل بعيد كل البعد عن هؤلاء الهمج   الله يزيد المرأة تمكين ويزيدهم قهر .. #حقوق_المرأة  #تمكين_المرأة_السعودية  #تزويج_المراة_نفسها  #بقايا_الصحوة URL,2,0,Favor,Against,0.905882695832189,0.3765326052935428,0.905882695832189,0.04146612372014296,0.052651181114674865
3082,Women empowerment,MENTION نرفض حقوق المرأة السياسية تصويت وانتخاب  بعدين يصير أمر واقع نقول يصير تدش المجلس بس وفقا للضوابط الشرعية  بعدين نرفض دخولها السلك القضائي  بعدين نرفض دخولها الجيش.  بس بنفس الوقت نقول احنا مع تمكين المرأة.,0,1,Against,None,0.6361758041496433,0.9076596815743287,0.18640185455703323,0.6361758041496433,0.17742230975510329
3096,Women empowerment,أراذل المجتمع لا يناقشون تنوع الإستثمار ولا مستوى التعليم ولا مستوى الرعاية الصحية  فقط الإختلاط والرذيلة  همهم ليس تمكين المرأة بل سهولة الوصول لها!!   #شكرا_جمعيه_مشرف,0,2,Against,Favor,0.7453582815204471,0.7338778977507857,0.1627737272329391,0.09186798550125767,0.7453582815204471
3097,Women empowerment,المعذره!!!  تمكين المرأة لا يكمن في قمعها ووضعها في القالب الفكري الذي يرى بأنها مجرد جسد!! (النظره الشيئية)  انتبه لبرمجاتك فلعلها تحرّف المفاهيم حتى تحافظ على استمرار الدائره وتكرار النمط  هذا لا يسمى تمكين بل يسمى كبت واضطهاد!,2,0,Favor,Against,0.9287932708277828,0.3057768297761151,0.9287932708277828,0.03218248617485077,0.03902425507017574
3109,Women empowerment,#نقد لمصطلح #تمكين_المرأة ,0,1,Against,None,0.6266748926333126,0.836450865661172,0.3062806714673058,0.6266748926333126,0.06704445306747286
3131,Women empowerment,#صوت_الانفجار #الرياض_lلان #جده_Iلان  هل من أسباب زيادة حالات الطلاق المبالغة في تمكين المرأة ودعمها واعطائها حقوق تخالف الشريعة,0,1,Against,None,0.7632298645659156,0.6511891931456486,0.19903125484322487,0.7632298645659156,0.037738849855413995
3132,Women empowerment,#القبض_علي_معتدين_الرياض #نور_الرياض #سليمان_الراجحي  #وين_الحب_الان مقطع البنات اللي يصبعون على الشباب بالسيارة هل هذا بسبب تمكين المرأة واستقلايتها وتوظيفها أدى لظهور المتحرشات قليلات الادب,0,1,Against,None,0.7736488992299244,0.6852045080238569,0.14020803042947075,0.7736488992299244,0.08614303168928432
3142,Women empowerment,اركب السياره ال Fm يتكلمون عن المرأه افتح الايميل يجني دعوة ملتقى تمكين المرأه كلوب هاوس يتكلمون عنه تويتر يتكلمون عنه وش هاليوم الثقيل الي عيا يخلص 😖   #يوم_المراه_العالمي,0,1,Against,None,0.8242920467374374,0.5792993691583254,0.11302625392951947,0.8242920467374374,0.06268168797785005
3159,Women empowerment,"اما بالنسبة لنا نحن كمسلمين نعلم ان الدين حث على الزواج وحث على التعدد ايضاً   ولكن لا يشك عاقل اننا نتجه نحو ما اتجه له الغرب من ناحية انتشار الأفكار النسوية عبر الإعلام والقوانين التي تدعمها مثل معاهدة ""سيداو"" وقوانين تمكين المرأة وغيرها لذلك فإن اللبيب من اتعض بغيره",0,1,Against,None,0.46521354176472146,1.0160384597112404,0.15883427816331133,0.46521354176472146,0.37595219279956515
3160,Women empowerment,ومن ناحية اخرى النساء اصبح لديهم استحقاقيه عالية جداً خصوصاً بعد تمكين المرأة والدعوة الى المساواه بينها وبين الرجل وكثرة الخرفان والمدجنين والخرفان حولها  اصبحت لا تحترم زوجها وتجد صعوبه في تقبل النصوص التي تحث على طاعة الزوج وتعظيم مكانته عندها خصوصاً ان هناك من يميعها لإرضائهم,2,0,Favor,Against,0.8715305373712335,0.4721541539825539,0.8715305373712335,0.06904734991648791,0.059422108368278624
3163,Women empowerment,تمكين المرأة ( حسب فهمي ) يعني إتاحة الفرصة لها للمنافسة بطريقة عادلة   ولا يعني بالضرورة تمهيد ورصف الطريق لها للوصول الى أهدافها…  فهمتي يا سندريلا,2,1,Favor,None,0.5909419251461485,0.8488496393483146,0.348031290256795,0.5909419251461485,0.0610267887485398
3165,Women empowerment,بعض الدول تمكين المراه عندهم بركوب الابل ولبس براقع في مهرجان الابل,2,1,Favor,None,0.8426927477708517,0.5349747739974888,0.051962710675568125,0.8426927477708517,0.10534452571027281
3166,Women empowerment,البعض فاهم تمكين المراه باستخدامها  للاستعراض   تخيلوا الجهل وصل لي وين😵‍💫  وعاد المرأة الغبيه هي الي ترضى يستخدمونها مزهريه لهم,2,1,Favor,None,0.6187604112878952,0.8655219362621427,0.2973858003523379,0.6187604112878952,0.0838537930771122
3174,Women empowerment, من وجهة رأي الشخصية حل مشكلة البطالة بالاردن تكون بثلاث مراحل 1- القضاء على الفساد( وبقص ايدي اذا بصير🤣) 2- الضغط و تخفيض العلاقات مع دول الخليج من جهة و الدول الغربية من جهة لاستقبال العمالة 3- تقليل عمالة المرأة بالوقت الراهن و تمكين الشباب ,0,1,Against,None,0.4966352979515574,0.8999242383254831,0.07211125602725238,0.4966352979515574,0.4312534817448465
3176,Women empowerment,٩٠٪ بنات معاهم شهايد جامعية و خبرات و لغات و آخر حاجه الوظايف يا كول سنتر أو سوق براتب أقل و جهد وقت أكثر و ذا تسمونه تمكين المرأة بسوق العمل !! ,2,0,Favor,Against,0.8005785566609097,0.6367661093470078,0.8005785566609097,0.10999009757734071,0.08943132992959342
3185,Women empowerment,لازالت المرأه محاربه في زمان تمكين المراه واشد ماحربوها فيه اولادها #ابناء_المواطنات_السعوديات,2,0,Favor,Against,0.8653486009288881,0.4845118130916025,0.8653486009288881,0.05108719102031294,0.08356417600001026
3186,Women empowerment,وعندما تسلط العنصري قتلني لان ذنبي أنني أمرأه في زمن #تمكين_المرأة وقتل اولادي #ابناء_المواطنات_السعوديات بالتهجير والطرد وهم مواليد المملكه ولديهم شهادات جامعيه وانهم سعوديه متى ستنتهي عاصفة العنصريه ومتى سينتهي زمن فسادهم #رمضان_مبارك,2,0,Favor,Against,0.8599257696334672,0.501148331919011,0.8599257696334672,0.07856881051898734,0.06150539281468407
3215,Women empowerment,هل هذا هو #تمكين_المرأة السعودية؟   #الحرم_المكي #المرأة_في_السعودية ,2,1,Favor,None,0.806883446098809,0.5760787517914819,0.16193920521153202,0.806883446098809,0.031177344522913153
3260,Women empowerment, والله بعد تمكين المرأة اكتشفت ان الذكور مليانيين حقد وغيرة داخلهم ولا اول البنت كانت فقيييررة لاتملك شيء وتفرح من قلبها لاخوها اذا توظف او اشترا سيارة!,2,0,Favor,Against,0.6216834645661045,0.8585711154320017,0.6216834645661045,0.08012766285759199,0.2981888696073328
3282,Women empowerment, قالﷺ: (المرأة إذا خرجت استشرفها الشيطان)  ولا ريب أن تمكين النساء من اختلاطهن بالرجال أصل كل بلية وشر وهو من أعظم أسباب نزول العقوبات العامة كما أنه من أسباب فساد أمور العامة والخاصة واختلاط الرجال بالنساء سبب لكثرة الفواحش والزنا وهو من أسباب,0,1,Against,None,0.6852219396867981,0.7495223778133725,0.27116025283842904,0.6852219396867981,0.04361776013871324
3284,Women empowerment,  مو شغلك والله الحمدالله على نعمة تمكين المراه كنا عايشين تحت ذل الذكور وقهرهم انتم مقهورين يالذكور أن ربي نصر النساء مقهورين  تبونا نجلس طول عمرنا مذلولات لكم,2,0,Favor,Against,0.619843943052196,0.8295728123468759,0.619843943052196,0.05979948166255852,0.32035659663489613
3292,Women empowerment,سبب خشية البعض من تمكين المرأة هو أن تأخذ مكانه .,2,1,Favor,None,0.5163816223997175,1.0153852630655804,0.29642719946453094,0.5163816223997175,0.18719114582331156
3302,Women empowerment,الله يا دنيا، أختي مصحيتنا من النوم تقول قوموا رتبوا البيت وبخروه.. متى ينتهي عصر تمكين المرأة ☹️,0,1,Against,None,0.8169876888666052,0.5955575574471669,0.11705231515977203,0.8169876888666052,0.06595998610629582
3339,Women empowerment,  في عز الصحوه كانت نسبة الطلاق كانت الاكثر ولا له دخل تمكين المرأة في نسبة الطلاق وبعدين ما هو الافضل لبنتي وبنتك ان تكون محتاجة لرجل وكما تعلم المحتاج مستعبد وراح تكون تحت رحمته والا تكون معتمده على نفسها وماهي في حاجة احد؟,2,0,Favor,Against,0.9095015166894084,0.3627850958883838,0.9095015166894084,0.057984752819879,0.032513747739561026
3350,Women empowerment,فتاة سعودية تشتغل نادلة في مطعم ! هل هذا تمكين المرأة ام تشويه صورتها وتحقيرها؟ وش رايكم ؟؟  #التواصل_الاجتماعي #واتساب #السناب  #انستقرام #الرياض ,0,1,Against,None,0.8425944503547058,0.5256859343214353,0.11634495495385389,0.8425944503547058,0.041060592519677
3420,Women empowerment,عيب أنه للحين في رجال عندهم فوبيا من طاري تمكين المرأة ,2,1,Favor,None,0.7261060813226949,0.7766004800901096,0.1301066719151037,0.7261060813226949,0.14378726346238613
3459,Women empowerment,#القبض_علي_مدعيه_النبوه فاهمة تمكين المرأة غلط😂😂,1,0,None,Against,0.49029116059725475,0.9008787700757263,0.49029116059725475,0.43751654585615973,0.07219232679246025
3509,Women empowerment,سالفة تمكين المرأة بكل شيء يخص الرجل تقهر اي موضوع يخصنا يدخلونهم يلعىن ام النشبه صدق URL,0,1,Against,None,0.636592403173462,0.870911862056862,0.26157453378423,0.636592403173462,0.10183304217976703
3550,Women empowerment,ماحد قتل المرأة وهي حية تتنفس الا الصحوة ' زمان كانت نسبة العنف و الفقر و البطالة و حتى الامراض النفسية عند النساء مرتفعة و بعد القرارت الايجابية تغير حالها للافضل عن السابق  . #تمكين_المرأة ,0,2,Against,Favor,0.8096835332183067,0.5926373912883207,0.14369567473197675,0.04662078607346974,0.8096835332183067
3561,Women empowerment,     تمكين المرآة ودعمها   اذا يهمك دعمهم شف المحاسبات بفرع لولو خريص تحاسب وبنفس الوقت تعبي اكياس للزبون. هذا فوق طاقتها. اذا يرضيك وضعهم هذا شي ثاني.,2,0,Favor,Against,0.6235389318254956,0.9215284507822579,0.6235389318254956,0.20620762500417714,0.1702534688553469
3574,Women empowerment,أهم الصعوبات القانونية والتشريعية التي تواجه قضية تمكين المرأة. ,2,1,Favor,None,0.8978461946065295,0.40046459085087216,0.0484729528377045,0.8978461946065295,0.05368086264610695
3575,Women empowerment,MENTION هذا تمكين المرأة وإلا بلاش,2,0,Favor,Against,0.7067152925094602,0.7725620185182656,0.7067152925094602,0.2175763939526267,0.07570832110969476
3590,Women empowerment,وجاء اللقاء بحضور وكيل الوزارة المكلّف، ومنسّقة المشاريع القوميّة بهيئة الأمم المتحدة للمرأة، ومستشارة تمكين المرأة بالهيئة.,1,2,None,Favor,0.8805983993761841,0.39004599261722034,0.006179194455413014,0.11322242223432526,0.8805983993761841
3598,Women empowerment, ودي اتعاطف معه الرخمه بس من قريت أنا مع تمكين المرأه غسلت يدي الضاطور لعبت في حسبته,2,0,Favor,Against,0.7040856267582416,0.7770803471505812,0.7040856267582416,0.21884089430925824,0.07707350271063171
3605,Women empowerment, انا مع تمكين المرأة الله لايهينها 50% 😂,2,0,Favor,Against,0.8815526827405251,0.4457993595991407,0.8815526827405251,0.061911447603164235,0.056535889768856436
3609,Women empowerment, تمكين المرأة في المناصب القيادية مخالف لتوجيهات نبينا الكريم الصحابيات على كريم قدرهم وعلمهم لم تتولى إحداهن منصبا قياديا أبدا.. فاتمنى منك يا دكتور أن ترضي الله وتترك الناس,2,0,Favor,Against,0.7706661401793609,0.6878065294859119,0.7706661401793609,0.14765519403366745,0.08167866027092355
3631,Women empowerment," ماهو شرط يعرف الأسئلة بالضبط.. بس محاور النقاش اكيد بتكون عنده.. ""الرؤية المشاريع تمكين المرأة الضرائب الاقتصاد العلاقات الخارجية ""هذي كلنا متوقعينها..  مقصدي لاتتوقعي سؤال شاطح وأسلوب المديفر المعتاد 😂",2,1,Favor,None,0.8528962511699982,0.5115242599353089,0.049381302230723664,0.8528962511699982,0.0977224258511519
3639,Women empowerment,كُنت بحضر ورشة بالجامعة من وزارة الشباب عن تمكين المرأة  و أنا بطاوش طبعاً وشادة على حالي من كتر الأفكار الغبية الّي انطرحت  فجأة الدكتورة بتحكي سارة مثلاً من الطلاب المتميزين عنا ورح توصل للي بدها إياه  وصار نائب العميد وشباب دفعتي يسقفولي. وبس والله نسيت على شو كنت أطاوش ههه🌹 URL,2,1,Favor,None,0.574031655937925,0.8450448925841312,0.0544916657321846,0.574031655937925,0.3714766933152167
3658,Women empowerment, صدقت والله اخي الكريم. ١٠٠٠وظيفة لشاب تفتح ١٠٠٠بيت وتزوج الف فتاة وتبدأ ١٠٠٠اسرة. سولافة تمكين المرأة خلق مشكله كبيرة وتمييز عنيف وظهور فروق كبيرة ضد الشاب.اكيد لن تقبل فتاة عاملة او موظفة بشاب حتى لو كان مهندس او طبيب لا يعمل. ولكن العكس يحد,0,2,Against,Favor,0.8710533838433087,0.47331844086961944,0.06979565623091803,0.059150945555942504,0.8710533838433087
3659,Women empowerment,#المراة_السعودية_قاضية لن يكون هناك تمكين للمرأة بدون اسقاط الولاية,2,0,Favor,Against,0.7878485922794627,0.66360080124322,0.7878485922794627,0.11116836036768316,0.1009830716633895
3661,Women empowerment,وين تمكين المرأة؟ولا بس شعارات بدون اثبات  #حمايه_المراه_مطلب,2,0,Favor,Against,0.6470908910100557,0.8933346128980034,0.6470908910100557,0.16694922643007082,0.1859599244392399
3668,Women empowerment,اوك في عالم مثالي الكفاءة مقدمة على كل شي لكن هذا معناه ان مافيه دعم تمكين المرأة رغم وجود رجال اكفأ زي ما هو صاير الحين عندنا ومافيه اجبار عالتنوع العرقي زي مايصير برا وغالباً لو اعتمدنا عالكفاءة=راح يستفرد كل جنس+عرقية معينة بنوع وظايف محدد يعني مافي شي اسمه وظفو مهندسات غصب,1,0,None,Against,0.7487562418357567,0.73242277542509,0.7487562418357567,0.15162956879852157,0.09961418331840281
3673,Women empowerment,  لا تجيب طاري اسيادك لو سمحت .. ثم انا قلت بعض البدو الوع 🤮مثلك  محمد بن سلمان جعلني فداه هو السبب بعد الله في تمكين المرأة وهدم صنمكم🥴,0,2,Against,Favor,0.5326395431528838,0.9117853726919782,0.08442849304070137,0.3829319584541305,0.5326395431528838
3676,Women empowerment,MENTION تمكين المرأة الصحيح هو برجوعنا لتعاليم الإسلام نحوها👍🏻  عدا ذلك هو امتهان لها وجرأة على خالقنا,2,0,Favor,Against,0.599455908371696,0.9194521469987245,0.599455908371696,0.12200739331307046,0.2785366964145214
3680,Women empowerment,لا شك أن حاجتها أجبرتها على العمل في هذا المكان وتحت هذه الظروف مع العمالة الوافدة...  #تمكين_المرأة في زمن الترفيه #ايش_ودكم_تقولون ,2,0,Favor,Against,0.9206330484187781,0.3291063231500371,0.9206330484187781,0.05074961333617385,0.028617347293989563
3681,Women empowerment,MENTION الشباب السعودي و هم الشباب  ما اقتحموا عالم صيانة السيارات..  تجين أنت .. تبين تقتحمين !!  و تقولين تمكين المرأة!!!   ان كملوا سنه .. علموني .. 😌,0,1,Against,None,0.545653670124287,0.9954536329642345,0.270845301368127,0.545653670124287,0.18350102297536985
3687,Women empowerment, مركزين على تمكين المرأة واخر اهتمامهم الوطن,0,2,Against,Favor,0.6720663523270768,0.824522008657302,0.23884003622072053,0.08909360377550353,0.6720663523270768
3704,Women empowerment,حرية الرأي حرية الفكر حرية الاختيار تمكين نصف المجتمع واقصد هنا المرأة ,2,1,Favor,None,0.8386836847102204,0.5206831069032287,0.0309278696156848,0.8386836847102204,0.13038843857583102
3711,Women empowerment,بعض النسويات يدعون بعدم وجود اي اختلاق لا جسماني ولا عقلي ولا عاطفي ولا اي اختلاف باسلوب التفكير وحل المشاكل والتعاطي مع الازمات. من وجهة نظري حتى نتمكن من تمكين المرأة بالمجتمع، علينا اولا فهم الاختلافات والاعتراف بها، محاولة تقويضها وعلى اساسها وضع خطط وحلول لإنصاف المرأة.,2,1,Favor,None,0.6399012410350969,0.8822323532436034,0.11938661309852808,0.6399012410350969,0.24071212957110766
3722,Women empowerment,ملاك العلوية  وفعالية *غايته نغادر*.. ضمن فعاليات اقلاع للنساء 🤩  #إقلاع #تمكين_المرأة #تمكين #شغف ,0,2,Against,Favor,0.7163554481951336,0.6306829486889842,0.007409819098374361,0.2762347400184523,0.7163554481951336
3730,Women empowerment, كيف تمكين المرأه ووزارة الموارد البشريه ممكنه نصف مليون اردني ونصف مليون لبناني ومثلهم فلسطن و٢ مليون هندي بالقطاع الخاص وعندنا ٣ مليون عاطل نصفهم من البنات  التمكين هو انك ترحل العماله الي عندنا وتوظف ابناء وبنات البلد,0,1,Against,None,0.5052326235277181,1.0294662427098071,0.20714953823759533,0.5052326235277181,0.2876178275636114
3731,Women empowerment,اعتقد ان تمكين المرأه يتم في ترحيل نصف مليون اردني ونصف مليون لبناني وغيرهم من الهنود وموظفين الشعوب المجاوره وتوظيف بناتنا وعيالنا مكانهم هذا هو التمكين الحقيقي الي يضمن رفاهيه لكل مواطن ومواطنه ,0,2,Against,Favor,0.8993441909357931,0.36860561305003686,0.014832431373471323,0.08582338320228129,0.8993441909357931
3751,Women empowerment,سبحان الله ☝️ اخس البقر يتكلمون انتي ي حثله المجتمع التي بعتي دينك بعرض دنيا 👊  شوفي شون دولتكم ✉👎 هذي لي يبي حرية الرأي والتعبير المراة تمكين المراة والترفية الاختلاط فتح باب للمتربصين بنا فتنه بين المسلمين ✉👊 يارب العالمين يتعظون قومي من هذي الفتنه المراة والترفية ☝️🇸🇦🕋🇸🇦 ,0,2,Against,Favor,0.49308093943475895,1.044381912358885,0.25660507495335244,0.2503139925035247,0.49308093943475895
3758,Women empowerment,بجاحة وتمييز صريح مستحيل تشوفه بالدول المتطوره وياخذون وضعية لا ارى ولا اسمع بس يعرفون كيف يشتغلون على التلميع الاعلامي بخصوص تمكين المراه #المساواة_بالتخصصات_مطلب,2,0,Favor,Against,0.7741531735108067,0.6658744905635303,0.7741531735108067,0.06091655921856685,0.16493028748065536
3759,Women empowerment,اعتقد السبب الأبرز لغياب المرأة عن لعب دور فعال في المجتمع هو تحكم رجال عائلتها فيها بمعنى، أنها قد تُمنع أن تُكمل تعليمها الأكاديمي خوفًا عليها من اختلاطها مع الرجال الغرباء أو خوفًا عليها من التحرش أو أن تصاب بأذى وما إلى ذلك #يوم_المراه_العالمي #تمكين_المرأة #اسألي_المتحدثة,2,1,Favor,None,0.679105193590527,0.7810929674495015,0.2616120324704224,0.679105193590527,0.059282767018612244
3770,Women empowerment,يعني فيه شي غير مفهوم! هل انحصرت قضايانا في الزواج! الان وبالذات في عصر تمكين المرأه، طرح متخلف,2,1,Favor,None,0.44365694305740105,1.061562467571929,0.3329293637383157,0.44365694305740105,0.22341369694527802
3774,Women empowerment,  ضمن تقييمات الضعف المرأة اكثر ضعفا  لهيك بتم بأي مرحلة استجابة او تمكين الشغل باتجاهها عالميا  اكيد مارح نكون الاستثناء  بالنهاية كلامنا احلام وردية لأننا مفعول به,2,0,Favor,Against,0.4949466452240392,0.9489057743579936,0.4949466452240392,0.10325459075666721,0.40179881671022544
3775,Women empowerment,    لاشك أن دولة الإمارات نموذج إداري ناجح وملهم على مستوى المنطقة  لكن كثر الحديث في بلداننا الفترة الأخيرة عن تمكين المرأة وأتمنى أن يكون التمكين للأجدر وليس للمرأة لمجرد إنها مرأة,1,2,None,Favor,0.9268043608324783,0.2935795943970899,0.011454000981893423,0.06174164272552017,0.9268043608324783
3776,Women empowerment,في ضل زمن تمكين المرأه .. فاز النصر   #الهلال_النصر,1,2,None,Favor,0.8091385288343563,0.5641864929061278,0.026404976669484426,0.16445649642245486,0.8091385288343563
3782,Women empowerment,من باب تمكين المرأة في المناصب القيادية زوجتي تقول لي قرب الاذان نوم العيال و تعال الغرفة,2,1,Favor,None,0.7606244434994769,0.6612581723108439,0.04182261598666437,0.7606244434994769,0.19755293267333962
3784,Women empowerment,"لا يعجبني لفظ ""تمكين المرأة""   بالذات خارج الحقوق والقانون وان اختلفت اشكاله   من حقها ان نعطيها الفرصة لتختار بدون اجبار   ولا حتى مبالغة في التثقيف (وهو اخطر)   كانها دائماً ضحية لافكار الاخرين فيجب ان يوجد عنصر ثالث ليلغي هذا التاثير ويترك اثر مضاد 🤦‍♂️  لندع المرأة... تفكر",2,0,Favor,Against,0.8895184089703936,0.42319796547142025,0.8895184089703936,0.04818731950263863,0.062294282545255514
3788,Women empowerment,الإفتاء تقرر عن المرأة ما هو أفضل لها والحكومة تتباهى في المحافل الدولية عن جهود الكويت المستمرة في تمكين المرأة!    تناقضات URL,1,0,None,Against,0.7625198030765589,0.6965294379502737,0.7625198030765589,0.16214118741095496,0.07533901742584495
3796,Women empowerment,اسوأ**  بس يعني خسرنا التقييم و ربحنا تمكين المرأه 👍❤,2,1,Favor,None,0.6931667135150676,0.8244788740903692,0.12650511386966395,0.6931667135150676,0.18032818036836543
3797,Women empowerment,MENTION ممكن لان الخليج طالع بموجة تمكين المرأه فردة فعل الشباب المساحه دي 😂😂😂,0,1,Against,None,0.8315949436487413,0.5397025344597202,0.035215485063364825,0.8315949436487413,0.13318959219069285
3807,Women empowerment,   مو شغلك هذا أولا يا حصيصة بل انك تتمنى انهن يظلون فقيرات معدمات هذا ثانيا وان شاء الله تمكين المرأة يجلطك قريب فوق ما انت مجلوط من التغيير الحاصل ثالثا واخيرا لا عمرك تقارن بين العربيات🇸🇦 وبين بنات الموالي الجو,2,1,Favor,None,0.698943146193469,0.8129270418185576,0.18400309482225602,0.698943146193469,0.11705371748293582
3810,Women empowerment,دور الشركات في تمكين المرأة!  via ,2,1,Favor,None,0.7009350915172912,0.6615247964841207,0.012351258217091174,0.7009350915172912,0.28671364519634823
3823,Women empowerment,MENTION امين يارب عارفة انه هزلي بس بعضهم فعلا يشوفون ان تمكين المراة بالوظايف ظلم لهم,2,1,Favor,None,0.7657236329380461,0.7057793706206856,0.1063187239972906,0.7657236329380461,0.12795765802490383
3830,Women empowerment,السبب اللي ماسكين ال Playlist عندنا في النادي بنات  الله يلعن اثار تمكين المرأه,0,1,Against,None,0.5504085681489236,0.882393143815007,0.37964809277820544,0.5504085681489236,0.0699432892410898
3831,Women empowerment,MENTION مدري عنهم يمكن عشان تمكين المرأه,2,1,Favor,None,0.873309912176897,0.4678507974254553,0.06254947480283504,0.873309912176897,0.06414061285549924
3834,Women empowerment,MENTION MENTION أنا معاك النظام كان معهم ومع دين المشايخ لكن اليوم مع تمكين المرأة ( ولو أن باقي ما أخذت كامل حقوقها ) تلقين عوايل قاعدة تقمع بناتها عشان كلام قبيلتهم تمثلنا وماتمثلنا وخذ لك عاد .,2,0,Favor,Against,0.8372562227287631,0.5562263660703917,0.8372562227287631,0.08928528568653636,0.07345846683468878
3835,Women empowerment,وينك يا عم تمكين المرأه  لا جهات حكوميه تحميها من المتوحش ذا ولا قوانين  ولا حتى شرطه  #معنفه_شروره_حي_الفيصليه,2,0,Favor,Against,0.7447384088650578,0.7238906386944578,0.7447384088650578,0.1787793554062651,0.0764822148714504
3850,Women empowerment,الأنمي حالياً يتجه إلى تمكين المرأة والمخانيث، فأبدلوا الملك، بملكة، وزعيم فرقة الكشافة بزعيمة ومخنث، وجعلوا أقوى عملاق وهو المطرقة بيد حرمة، والأحداث القادمة ستكون ابدال ليفايي بميككاسا، واخيرا البطل بغغابي,2,0,Favor,Against,0.8338307367431318,0.5648141157999539,0.8338307367431318,0.07985711779555277,0.08631213841212526
3854,Women empowerment,بعض الحريم (البنات) والفهم الخاطئ لـ #تمكين_المرأة  #حقيقه_يجب_ادراكها  #حقيقة ,0,1,Against,None,0.7869335768711407,0.662360391828724,0.08778329983011002,0.7869335768711407,0.12528315606880958
3855,Women empowerment,مع #تمكين_المرأة  في الوظايف ، وصلنا لمرحلة في التوظيف ان حظوظ المرأة اكثر من الرجل في القطاعين العام والخاص وفي هذي الحالة  اتوقع حدوث نكس في المفاهيم بحيث تقوم المرأة بخطبة من تراه مناسب كزوج لها وتدفع له المهر وتصرف على الحفل.  وهو يسوي حفل الخطوبة ويجيب الكوشة 😉 #بس_اقول,2,0,Favor,Against,0.6806327904733566,0.7815168005364783,0.6806327904733566,0.25879663348639576,0.06057058989331489
3859,Women empowerment,  وين تمكين المرأة وش هالكلام,2,0,Favor,Against,0.7157708293062546,0.7481214491633845,0.7157708293062546,0.22053789963489423,0.06369124522609085
3864,Women empowerment,عن نفسي مؤمن بأن حل قضيتنا هو قبول الحكومه بتطبيق الدستور او ضغط دولي يلزمها بذلك و مطلوب من اهل المعاناة و مؤسسات المجتمع المدني الضغط على الحكومه و توعية المجتمع بضرورة احترام الدستور و تمكين المرأه من حقوقها كامله #تجنيس_أبناء_الكويتيات,2,1,Favor,None,0.5378312184004724,0.9106027884910473,0.08482381313232704,0.5378312184004724,0.37734495950568875
3870,Women empowerment,MENTION يادكتور محمد العبداللطيف طال عمرك  الله هولاء المتاجرين عارفين صح الفرق بين الحق والباطل وبين الحلال والحرام وبين تمكين المرأة وتفوقها ونجاحها لخدمة دينها ووطنها وبين المتاجرة فيها لأجل مصلحة مادية قذرة ؟ المرأة المسلمة عندما يتم وضعها سلعة تفقد هويتها ؟,2,1,Favor,None,0.4324214574488473,0.9978602099584684,0.43040713838273537,0.4324214574488473,0.1371714094071469
3877,Women empowerment, على حساب مين. الافضل تمكين الشباب لان الاصل هو المسئول عن تكوين الاسره والمرأه خلقة لتكون ام مربيه لابنائه وامرها تعالى بالوقار بالبيت والرجل هومن يعمل ويتصدا لجميع الاعمال التي يقوم عليها المجتمع فهو القائد في ميدان القتال وهو الجندي والمهند,0,2,Against,Favor,0.9010303278151176,0.375083792072488,0.02187044229667951,0.07709926234853934,0.9010303278151176
3895,Women empowerment,#المراه_السعوديه_قاضيه مسمى عصر تمكين المرأة غير حقيقي المرأه ما كانت مقيده الرجل مسؤول عنها وعن أطفاله شرعاً عصر تأنيث الذكور من الرجال صارت الزوجه تأخذ الاطفال للمستشفى ومن المدرسه والزوج نايم والله لو يطبخ احسن من النوم,2,0,Favor,Against,0.8207427832788197,0.5559696647418084,0.8207427832788197,0.033068082717612836,0.14618910183314032
3900,Women empowerment,واجب شرعي على الانسان تجاه نفسه أن يتخلص من العلاقات التي تؤدي به إلى التهلكة ولو بطريقة تدريجية  ، ولو بطريقة ماكرة والعياذُ بالله   #حقوق_المرأة #حقوق_الإنسان #ايش_يزعلكم #حقوق_الطفل #تمكين_المرأة #حساب_المواطن,1,0,None,Against,0.5116328101037921,0.9434139295669328,0.5116328101037921,0.10220885704283833,0.3861583096063048
3901,Women empowerment,المفرووض...  ماحد يجيب عيال الا فاتح لهم حساب باسمهم بالبنك ؛ خلهم يستفيدون من كشختك بكرت العيلة انك صرت أب   #صندوق_النفقة #تمكين_المرأة #حقوق_الطفل #حقوق_الإنسان #الرفق_بالحيوان,2,0,Favor,Against,0.5079704769576083,1.0005186991622135,0.5079704769576083,0.15621228146574123,0.335817234705039
3903,Women empowerment,الرياضة لاتكون غير مدروسة في انحناءآت لساعات  طويلة تتحول الى اعاقات  الحركة مطلوبة مدروسة ولديك الكثير لتعملية  وتخططي لأجله ...! فقد بات سعرها اليوم في متناول الجميع  #تمكين_المرأة #حقوق_الطفل #حقوق_الانسان,1,2,None,Favor,0.8916156445010488,0.41661793391989455,0.04481017745624948,0.06357419963982601,0.8916156445010488
3906,Women empowerment,حين تقرر على فتح مشروع شخصي لاتنظر إلى رغبتك وشغفك تجاه ماينقصك في الحياة من مشاعر أو فنون بل انظر إلى رغبة عموم الناس التي لاتتخطى عن الحاجات الأولية والأساسية كالطعام  خاصة في زمن الأزمة ..#تمكين_المرأة   ,1,2,None,Favor,0.7399309302816426,0.6492243314772499,0.02230125489378356,0.23776782956310577,0.7399309302816426
3909,Women empowerment,  امركم غريب اشوف تمكين المراة لعب بحسبتكم ، فجاءه صرنا غير صالحات🤔,0,1,Against,None,0.8363491697796361,0.5589484900755118,0.07820666643857002,0.8363491697796361,0.08544414041537705
3912,Women empowerment,MENTION هههههههههههههههه مره يضحك مفكرين لسى احد يرضى فيهم بعد قرارات تمكين المراه,0,1,Against,None,0.5218479058154845,1.0201620452551172,0.2678021975095527,0.5218479058154845,0.21034988778899935
3925,Women empowerment," اتوقع انفهم كلامها بطريقة غير صحيحة  هي مع "" العدل بين حقوق الرجل والمرأة ""  ومع تمكين المرأة .. بس كلامها كان كـ مِثال فقط.",2,1,Favor,None,0.6717618280405586,0.8581295923593754,0.14466402130098802,0.6717618280405586,0.1835741516996972
3938,Women empowerment, يذكر بأن الكليات التقنية العالمية تتبع التدريب التقني. وهي كليات حكومية تم إيقافها وتعليق مستقبل ( الطالبات ) اكثر من سنة ((حتى الان)).  #تمكين_المرأة !,2,0,Favor,Against,0.6555640536408692,0.8172161789551723,0.6555640536408692,0.0695577558137151,0.2748781967837461
3939,Women empowerment,تكلمي عن تمكين المرأة وش حصل فيه الفترة الاخيرة وش اللي استشعرتي فيه وحسيتيه انتي في حياتك من تمكين —   ,2,1,Favor,None,0.901775039780718,0.3697566935901244,0.019244361367439684,0.901775039780718,0.07898059562612862
3942,Women empowerment,   هذي تجارتها مالها دخل في تمكين المرأة  عندها فلوس وسوت سوبر ماركت هي وبناتها . يعني لازم تنحبس بيتها والحرمه محتشمه .حسبي الله عالحساد,2,0,Favor,Against,0.7947431255737976,0.6362227255501791,0.7947431255737976,0.13964194184553858,0.06561494124075443
3944,Women empowerment,تخيلي تكونين ساكنه لحالك ويتم خطفك من اخوانك ويودونك دار الرعايه (المسلخه البشريه) وهم يكتبون تعهد ويطلعون 😂  بس تراه عصر تمكين المرأه ,0,1,Against,None,0.45509940917166636,0.9398824007554301,0.09413070607391405,0.45509940917166636,0.4507699065730737
3978,Women empowerment," وينكم عن البنات اللي مسلوبه حقوقهم بالقطاع الخاص .. لا إجازت ولا رواتب وساعات عمل تقص الظهر تحت أسم "" #السعوده و #تمكين_المرأة ؟؟؟؟",2,0,Favor,Against,0.7765111146553918,0.6643671882458317,0.7765111146553918,0.16031455831996505,0.0631743354025178
3982,Women empowerment, هناك الكثير من التعابير تصاغ لتعزيز تمكين المرأة بغض النظر عن التفاصيل,1,2,None,Favor,0.8776057809007907,0.40455178119176666,0.009291151205356753,0.1131030168599148,0.8776057809007907
3987,Women empowerment,غرفة الشرقية تنظم لقاءً مع رائدات الأعمال بالقطيف  شبكة أم الحمام  نظمت غرفة الشرقية ممثلة بمركز تمكين المرأة أمس لقاء مع رائدات الأعمال بمحافظة القطيف، استضافت خلاله مديرة الفرع النسائي لبنك التنمية الاجتماعية بالمنطقة فوزية القحطاني التي استعرضت خدمات ا… ,2,1,Favor,None,0.5127309505392168,0.718765017196249,0.004581766695813501,0.5127309505392168,0.48268731264169756
