sample_id,prediction,p_against,p_none,p_favor
0,0,0.9975309,0.0016199144,0.000849255
1,2,0.0010373465,0.00039419899,0.9985684
2,0,0.9989146,0.00022789446,0.0008575172
3,2,0.0011843976,0.00041868107,0.99839693
4,2,0.005009596,0.0013681452,0.99362224
5,2,0.000776279,0.0029780883,0.99624556
6,0,0.92678857,0.0016022841,0.0716091
7,2,0.0028749646,0.3842553,0.61286974
8,2,0.0012674365,0.0005463688,0.9981862
9,1,0.0015019564,0.89759934,0.10089868
10,0,0.9829268,0.00017385106,0.016899306
11,0,0.9976774,0.00021552747,0.0021071488
12,0,0.9977641,0.00062571315,0.0016101336
13,1,0.00054773054,0.9928762,0.0065760803
14,1,0.0022107211,0.99626166,0.0015276344
15,2,0.0018734146,0.0036136848,0.9945129
16,2,0.0017826231,0.0011702423,0.9970471
17,2,0.0008877163,0.0014907793,0.9976215
18,0,0.9978688,0.0012597225,0.00087145326
19,0,0.99863017,0.00022536497,0.0011444557
20,1,0.00040956907,0.9978751,0.0017153235
21,0,0.99915385,0.00022214153,0.0006239758
22,1,0.0006360852,0.99767536,0.0016885457
23,0,0.9977549,0.00032035267,0.0019248714
24,2,0.00076676003,0.00061146804,0.9986218
25,0,0.6403739,0.21188879,0.1477373
26,0,0.99549943,0.00015448296,0.0043460233
27,0,0.9922978,0.00465696,0.0030452192
28,0,0.9983247,0.00016272841,0.001512626
29,1,0.0031557307,0.9849333,0.011910933
30,0,0.9975446,0.00022007083,0.0022353146
31,2,0.0005070233,0.0016312397,0.9978618
32,0,0.997396,0.00094155566,0.001662401
33,0,0.992332,0.0012551749,0.006412823
34,0,0.999213,0.00029126863,0.00049572013
35,0,0.99886084,0.00039849497,0.00074068364
36,1,0.0008531384,0.9917687,0.0073781665
37,2,0.001261091,0.00052657776,0.99821234
38,0,0.9983924,0.00023897049,0.0013686
39,2,0.0016116505,0.007036195,0.9913522
40,0,0.99885845,0.00052682764,0.0006147233
41,0,0.9980878,0.0013925667,0.00051959575
42,0,0.9968815,0.0025458348,0.00057269045
43,2,0.2611565,0.055457644,0.68338585
44,0,0.9984444,0.00031385926,0.0012418246
45,0,0.9979352,0.00036679502,0.0016980557
46,1,0.0018443944,0.9893695,0.008786041
47,2,0.0011684715,0.045650538,0.9531809
48,2,0.0009895767,0.00033657608,0.9986739
49,2,0.0018929689,0.00083397573,0.997273
50,1,0.0066164057,0.9558003,0.037583265
51,0,0.97183293,0.0090778805,0.019089192
52,2,0.00025695338,0.0016885068,0.9980545
53,2,0.002307028,0.00058013806,0.9971129
54,0,0.9985605,0.0010039669,0.0004355096
55,1,0.0030843974,0.9896492,0.007266513
56,0,0.9972149,0.00018154389,0.002603551
57,2,0.001840789,0.00038775598,0.9977715
58,1,0.0046668374,0.9938214,0.0015117179
59,2,0.00890673,0.00033888462,0.99075437
60,0,0.7248396,0.07453893,0.20062144
61,2,0.0178738,0.038599245,0.943527
62,2,0.0019401314,0.0008560482,0.9972038
63,1,0.0005838801,0.9890928,0.010323262
64,2,0.0038263346,0.0010276106,0.9951461
65,2,0.0022966692,0.006124355,0.99157894
66,2,0.0011428356,0.0016678807,0.99718934
67,2,0.000600691,0.0015008377,0.99789846
68,0,0.9234168,0.0020287791,0.07455446
69,0,0.99809164,0.0006803956,0.0012280354
70,2,0.00029938537,0.0062099886,0.9934907
71,2,0.0007339892,0.0014447406,0.99782133
72,2,0.009766342,0.00024788536,0.9899858
73,0,0.9988392,0.0004421988,0.00071858143
74,2,0.0013436878,0.0004992244,0.9981571
75,0,0.968904,0.0036899142,0.027406102
76,0,0.9970599,0.00026194975,0.0026780814
77,2,0.0021195186,0.00027719318,0.99760336
78,0,0.99651897,0.0002910571,0.0031899964
79,1,0.002274459,0.9973098,0.0004157534
80,2,0.00069807254,0.0057284483,0.9935735
81,1,0.0016986883,0.8382451,0.16005623
82,2,0.00044585366,0.000537714,0.9990164
83,0,0.7462297,0.20893236,0.044837896
84,2,0.0028615757,0.0007568026,0.99638164
85,0,0.997338,0.002004164,0.000657784
86,0,0.9979814,0.00039923593,0.0016192929
87,0,0.9971004,0.00036695422,0.0025326773
88,0,0.998064,0.0006638557,0.0012721493
89,2,0.0013021374,0.0005438855,0.998154
90,2,0.0006605714,0.00030842185,0.99903107
91,1,0.0006275506,0.9911034,0.008269015
92,2,0.0024393252,0.00094971794,0.99661094
93,2,0.0011469462,0.0009885163,0.99786454
94,0,0.9989579,0.000551975,0.0004901496
95,1,0.000958024,0.9952136,0.003828339
96,2,0.0062798313,0.00019404916,0.9935261
97,0,0.9980652,0.0013659826,0.00056886504
98,1,0.0018132563,0.99315816,0.0050286925
99,0,0.9926757,0.0008388555,0.00648541
100,2,0.0014363753,0.00091460225,0.997649
101,1,0.0016266217,0.993651,0.0047224057
102,1,0.001030224,0.99712473,0.0018449895
103,2,0.00087528274,0.0007622457,0.9983625
104,0,0.997127,0.00046051442,0.0024124996
105,2,0.0018312922,0.0006928187,0.9974759
106,2,0.0013663591,0.0005337908,0.99809986
107,2,0.0009982765,0.0049393633,0.99406236
108,2,0.004588448,0.00018235978,0.99522924
109,0,0.9976432,0.0008408062,0.0015160074
110,2,0.0015552416,0.00040061734,0.99804413
111,2,0.0009580681,0.0006529819,0.998389
112,2,0.0012424511,0.0013026664,0.99745494
113,0,0.9978115,0.0014305254,0.0007580007
114,0,0.9986193,0.00036359165,0.0010171452
115,0,0.997626,0.0005862998,0.0017876471
116,1,0.0012154958,0.99711585,0.0016686718
117,2,0.0014179634,0.0015529997,0.997029
118,2,0.0012519954,0.00036970287,0.9983783
119,1,0.00034427954,0.9980684,0.0015873472
120,2,0.00048486478,0.0002988399,0.9992163
121,2,0.005524112,0.0022121435,0.9922638
122,0,0.99858177,0.00037868807,0.0010395932
123,2,0.0019275147,0.00049566204,0.9975769
124,2,0.00040433637,0.061359894,0.9382357
125,2,0.0006579976,0.00077540276,0.9985667
126,1,0.0018896171,0.98383784,0.014272511
127,0,0.9977865,0.0013240747,0.0008894047
128,2,0.0010036287,0.00060133793,0.998395
129,1,0.0013784165,0.8342643,0.16435736
130,2,0.003460598,0.0004691318,0.99607027
131,0,0.9985072,0.00079415744,0.0006986379
132,0,0.99811053,0.000367402,0.0015220934
133,2,0.00083953526,0.0028809048,0.99627954
134,2,0.05609587,0.0005951264,0.94330895
135,0,0.9989512,0.000566075,0.00048264675
136,1,0.00036338042,0.99893135,0.0007052238
137,2,0.0013078832,0.0008237589,0.9978683
138,2,0.00054745167,0.00070396194,0.99874854
139,2,0.0015165184,0.0004983077,0.9979851
140,2,0.18770511,0.0013953727,0.8108995
141,2,0.0060050483,0.075868525,0.9181264
142,2,0.0013340848,0.00032212364,0.9983438
143,2,0.00064656744,0.0008983191,0.99845517
144,2,0.0016825272,0.00053133385,0.99778616
145,2,0.006338751,0.0014270577,0.99223423
146,1,0.0024232476,0.99524033,0.0023364583
147,0,0.99799585,0.00028482766,0.0017193982
148,0,0.99728036,0.002049149,0.0006704832
149,1,0.00038838823,0.9912736,0.008338055
150,1,0.0012456761,0.99482465,0.003929639
151,1,0.0030493697,0.9692069,0.027743671
152,2,0.00079147227,0.0012319793,0.9979766
153,2,0.0010732817,0.0009932005,0.9979335
154,0,0.99776816,0.0011181774,0.0011136668
155,2,0.0012775471,0.0009141222,0.9978084
156,2,0.009602124,0.0007153875,0.9896825
157,0,0.9966191,0.00024847267,0.0031324993
158,2,0.0024446107,0.00056127436,0.99699414
159,2,0.29199705,0.0016818246,0.7063211
160,2,0.3487124,0.008536994,0.64275056
161,0,0.9981772,0.00045603162,0.0013668481
162,0,0.9972268,0.0014577503,0.0013153435
163,2,0.00080671377,0.0020285985,0.99716467
164,2,0.0028771013,0.0009946913,0.9961282
165,0,0.9961932,0.00041030682,0.003396558
166,2,0.0011633852,0.00045436737,0.9983822
167,0,0.8536496,0.00031829602,0.14603214
168,2,0.0051324125,0.0038335419,0.9910341
169,2,0.002628648,0.00077261584,0.9965988
170,1,0.003685242,0.9949727,0.0013420332
171,0,0.9970168,0.00025327317,0.0027299232
172,1,0.00052649085,0.99819225,0.0012811652
173,0,0.9309347,0.0002681305,0.06879721
174,0,0.9972319,0.00019752215,0.0025705802
175,1,0.001326303,0.9977362,0.00093747716
176,1,0.0015701423,0.92177504,0.07665483
177,2,0.0020770289,0.0006617399,0.99726117
178,0,0.9988765,0.0004849942,0.00063847634
179,2,0.0024257435,0.0010327097,0.99654156
180,2,0.002508558,0.00037263014,0.99711883
181,2,0.00062911067,0.0016832472,0.9976877
182,1,0.00064035796,0.99362224,0.0057373983
183,1,0.0013144831,0.9723281,0.026357507
184,1,0.0012680687,0.9923988,0.0063330885
185,0,0.9981629,0.0013203839,0.0005167069
186,2,0.0009084597,0.0004307786,0.9986608
187,0,0.99840987,0.0005732193,0.00101685
188,0,0.99639446,0.0010543475,0.0025510942
189,2,0.0018040063,0.08776487,0.91043115
190,2,0.0036182238,0.00043874385,0.995943
191,0,0.9981147,0.00085775804,0.0010274958
192,2,0.002661681,0.0003456266,0.9969927
193,1,0.008101337,0.9834737,0.00842487
194,1,0.0019794996,0.9964557,0.0015647567
195,1,0.0017113058,0.99226534,0.0060234517
196,2,0.0015436668,0.0004070435,0.99804926
197,2,0.0012450878,0.00022880411,0.9985261
198,2,0.00032855058,0.0004961075,0.99917537
199,0,0.9979348,0.00042945961,0.0016357141
200,0,0.9982424,0.0011844244,0.00057323463
201,2,0.0014697096,0.0020400013,0.9964903
202,0,0.5263238,0.000983147,0.47269297
203,0,0.9991505,0.00033205748,0.0005174503
204,0,0.9991068,0.00046554414,0.000427523
205,0,0.99538815,0.00015362949,0.0044581387
206,2,0.11197599,0.0040822197,0.8839418
207,2,0.0015119737,0.0013643947,0.99712366
208,1,0.0012063422,0.99749064,0.0013029875
209,2,0.00075121946,0.0017075068,0.9975413
210,2,0.002613958,0.00040498324,0.9969811
211,0,0.99773335,0.0006952244,0.0015713652
212,2,0.0002736553,0.0007256322,0.9990007
213,2,0.0019018532,0.00028790932,0.9978103
214,2,0.00093624886,0.00086489745,0.9981989
215,0,0.9953158,0.0005713266,0.0041129002
216,0,0.9983575,0.0009883356,0.00065415923
217,1,0.016067509,0.9480866,0.0358459
218,2,0.00243785,0.30075,0.69681215
219,2,0.0021386228,0.0009913536,0.99687
220,0,0.9982461,0.00040405063,0.0013499294
221,0,0.9979723,0.00059846934,0.0014291741
222,2,0.0022328321,0.26533303,0.73243415
223,1,0.0055383705,0.9917454,0.0027162589
224,0,0.99780613,0.00019491579,0.0019989463
225,2,0.0013122789,0.00067443895,0.99801326
226,1,0.12659062,0.8237145,0.049694773
227,0,0.9917207,0.0005510702,0.007728306
228,0,0.9987508,0.00082766934,0.0004214975
229,2,0.0014533312,0.0018215327,0.99672514
230,0,0.9972222,0.00039098418,0.0023867958
231,2,0.0033132911,0.0004158827,0.9962708
232,0,0.9976891,0.0010260713,0.0012848363
233,1,0.0018150125,0.985678,0.012506919
234,0,0.52150834,0.004723395,0.47376823
235,1,0.0006517644,0.9934668,0.005881511
236,0,0.9962974,0.00013579744,0.0035668318
237,0,0.9948468,0.0006769339,0.004476241
238,0,0.9984976,0.0007707417,0.0007317261
239,0,0.99858403,0.00019508858,0.0012208995
240,2,0.0009357989,0.0016351034,0.9974291
241,0,0.99276537,0.00014192998,0.0070927646
242,0,0.9980715,0.0004978224,0.0014307194
243,2,0.013515319,0.00026926256,0.98621535
244,2,0.0003679402,0.0025139223,0.9971181
245,2,0.0019276526,0.10678443,0.89128786
246,2,0.0012939208,0.0029347504,0.99577135
247,2,0.0011482053,0.0004233286,0.99842846
248,2,0.0031360188,0.00051813637,0.9963458
249,2,0.010814659,0.00021444538,0.9889709
250,2,0.00079950533,0.0010208178,0.9981797
251,1,0.00079845765,0.99667156,0.0025300276
252,2,0.0015369768,0.0009192866,0.99754375
253,0,0.99768615,0.0012569241,0.0010569913
254,0,0.9986375,0.00031088942,0.0010516837
255,2,0.0010565592,0.0018815229,0.9970619
256,0,0.9973736,0.00073582045,0.0018906095
257,2,0.0010225684,0.000740417,0.998237
258,0,0.99837494,0.00068428996,0.0009407449
259,0,0.99587667,0.0032432068,0.0008800523
260,0,0.9971956,0.00059952535,0.002204905
261,0,0.99846256,0.00081573194,0.0007218202
262,0,0.99869883,0.00022000883,0.001081111
263,0,0.9976145,0.0017972273,0.0005882679
264,2,0.008799881,0.00042154107,0.99077857
265,2,0.0020620697,0.00094622956,0.99699163
266,2,0.0002534959,0.004822434,0.99492407
267,2,0.0024267416,0.0007343646,0.9968389
268,0,0.99171513,0.00038414553,0.007900797
269,2,0.0013353903,0.00070811243,0.9979565
270,2,0.00066222594,0.00058416417,0.99875355
271,0,0.9986998,0.0007670225,0.0005331226
272,0,0.9984705,0.00089334615,0.00063620805
273,0,0.99868375,0.0005400558,0.0007761858
274,1,0.0017074303,0.9942082,0.004084419
275,2,0.0007562207,0.0027136086,0.99653023
276,2,0.026602779,0.019685596,0.9537116
277,0,0.7239552,0.16521885,0.11082603
278,2,0.069990665,0.00038147392,0.9296279
279,2,0.0007640029,0.0006335555,0.99860245
280,2,0.0020778296,0.0009881324,0.99693406
281,0,0.99467045,9.119499e-05,0.005238319
282,2,0.0005622409,0.0010609815,0.9983767
283,0,0.9976325,0.0008686564,0.0014988239
284,2,0.0017491918,0.00028107432,0.9979697
285,2,0.16171098,0.00028460872,0.83800435
286,0,0.99893504,0.0002701663,0.00079471635
287,0,0.950934,0.029646033,0.019419959
288,2,0.017095238,0.0032633708,0.9796413
289,2,0.00071565795,0.017227458,0.98205686
290,0,0.995054,0.0011237581,0.0038222114
291,2,0.0011640055,0.0011486799,0.99768734
292,0,0.99839044,0.0005549229,0.0010545979
293,2,0.00039247188,0.0026513247,0.9969562
294,2,0.001233685,0.00050106493,0.9982653
295,1,0.001724295,0.99747354,0.00080220785
296,1,0.00038455514,0.99357575,0.0060396404
297,0,0.83293736,0.008274865,0.15878779
298,0,0.9982717,0.00054637034,0.0011819593
299,1,0.0054800315,0.95728064,0.03723935
300,2,0.0009506245,0.00046998824,0.9985794
301,2,0.00090618996,0.0006935282,0.9984003
302,2,0.0015389965,0.00037535763,0.9980856
303,2,0.0070763323,0.00021763548,0.992706
304,2,0.0017154573,0.00073741225,0.9975471
305,2,0.0013520498,0.0005253895,0.9981225
306,2,0.0007997587,0.022970201,0.97623
307,0,0.9980342,0.00025270702,0.0017131242
308,1,0.026934156,0.69319344,0.27987248
309,2,0.0016061293,0.0010345438,0.99735934
310,2,0.025175298,0.0012856739,0.973539
311,2,0.007099427,0.0004637171,0.9924368
312,2,0.00040235056,0.0011419116,0.99845576
313,2,0.0016918428,0.0011924912,0.9971156
314,2,0.0017947681,0.0005048902,0.9977004
315,2,0.0010292386,0.0044058817,0.9945649
316,2,0.0011207098,0.0005842513,0.998295
317,0,0.99850935,0.0008868919,0.00060374907
318,2,0.0009547247,0.00025318298,0.9987921
319,2,0.000525738,0.0069835065,0.9924907
320,2,0.00024482014,0.0016164135,0.9981388
321,2,0.33105755,0.021908417,0.647034
322,2,0.0017935243,0.00028012125,0.99792635
323,2,0.0008519672,0.0030872899,0.99606067
324,2,0.00033844903,0.0014543766,0.9982072
325,2,0.0016383351,0.0008137304,0.9975479
326,2,0.00054223824,0.0056537255,0.993804
327,2,0.0007172289,0.000747797,0.9985349
328,0,0.9980367,0.0006822365,0.0012811078
329,2,0.0011490374,0.0021627825,0.9966882
330,2,0.001231273,0.001446481,0.99732226
331,2,0.0026414206,0.00041408036,0.9969445
332,1,0.0012857899,0.9892554,0.009458799
333,2,0.0015977304,0.0010679741,0.99733436
334,2,0.0012958314,0.0008431814,0.99786097
335,0,0.9417634,0.00028508605,0.057951525
336,0,0.9983469,0.0010576136,0.0005954756
337,2,0.0037430306,0.0009860946,0.9952709
338,2,0.0014453003,0.0006157197,0.99793893
339,2,0.004556114,0.06967149,0.9257724
340,2,0.0005927841,0.0004671347,0.99894005
341,0,0.99852175,0.0004834131,0.0009948654
342,2,0.00065176666,0.0007453268,0.9986029
343,2,0.00077554595,0.0012869339,0.99793756
344,0,0.9989317,0.00050158467,0.0005666826
345,0,0.9973569,0.0022636848,0.00037955583
346,2,0.0008729724,0.00039768041,0.9987293
347,2,0.00095678144,0.001464293,0.9975789
348,2,0.0017470907,0.0005460564,0.9977068
349,2,0.001295686,0.0007506425,0.99795365
350,0,0.9231472,0.0045257555,0.07232713
351,2,0.0009478035,0.0003173969,0.9987348
352,0,0.99525553,0.0008708234,0.0038736349
353,2,0.0006012274,0.000602508,0.9987962
354,2,0.0031091527,0.0018902916,0.99500054
355,2,0.0011666121,0.0017242462,0.9971091
356,0,0.9955765,0.0028874837,0.001536009
357,2,0.004732286,0.008802291,0.9864654
358,0,0.99840075,0.00054808235,0.0010511741
359,2,0.0023606655,0.0013040259,0.99633527
360,0,0.9606512,0.0010067167,0.038342018
361,0,0.9976804,0.0006735759,0.0016458649
362,2,0.0008527265,0.084638394,0.9145089
363,1,0.00031941297,0.9797308,0.019949805
364,2,0.0022249492,0.0014047843,0.9963703
365,2,0.0015929192,0.0012242413,0.99718285
366,2,0.0015376754,0.0003566828,0.99810565
367,0,0.996917,0.00015635884,0.0029265482
368,0,0.97564054,0.0005475324,0.02381191
369,0,0.99829835,0.00038257535,0.0013191073
370,2,0.004422044,0.000655012,0.99492294
371,2,0.0003623031,0.0033805694,0.9962572
372,2,0.0009168394,0.0009838268,0.9980994
373,2,0.00029911243,0.0032614628,0.9964394
374,2,0.0006886459,0.00084729807,0.9984641
375,2,0.00094600744,0.00039528875,0.99865866
376,2,0.000794617,0.0103893755,0.988816
377,0,0.99753726,0.00033146187,0.0021313308
378,2,0.0013933447,0.00038072822,0.998226
379,0,0.9888883,0.0011431039,0.009968533
380,2,0.003344548,0.00051703304,0.9961384
381,1,0.00031947665,0.9963264,0.0033540982
382,2,0.0005996128,0.0010687943,0.9983316
383,2,0.0014678966,0.009920302,0.98861176
384,2,0.0005390675,0.006534585,0.9929263
385,0,0.997681,0.0005588589,0.0017600687
386,2,0.0013526627,0.00052508083,0.9981223
387,0,0.9461775,0.0052644075,0.0485581
388,0,0.9967114,0.00036909335,0.0029195293
389,0,0.99539196,0.0013080717,0.0032999918
390,0,0.9968579,0.00044270683,0.0026994129
391,2,0.007533216,0.00045723782,0.9920095
392,0,0.99737835,0.00085183256,0.0017699094
393,2,0.0026062916,0.0017597713,0.9956339
394,2,0.00080159993,0.00022733015,0.9989711
395,2,0.0011850123,0.002619955,0.9961951
396,0,0.99866307,0.00045287723,0.00088411855
397,2,0.0022378836,0.0002522849,0.99750984
398,2,0.0012475041,0.0002889004,0.99846363
399,0,0.49161652,0.12190521,0.38647833
400,2,0.0014199705,0.0004091323,0.99817085
401,1,0.0003686688,0.99524033,0.0043910844
402,0,0.9982035,0.0004278405,0.0013687025
403,0,0.9932147,0.003591512,0.0031936793
404,2,0.16306959,0.0016760157,0.83525443
405,1,0.0012979258,0.99595803,0.0027440428
406,2,0.0021674847,0.08325641,0.9145761
407,0,0.9969807,0.00025666837,0.0027625205
408,0,0.99785185,0.00018545169,0.001962746
409,2,0.003085931,0.00064163504,0.99627244
410,2,0.001042451,0.0006957763,0.99826175
411,2,0.0018482669,0.00046297183,0.9976888
412,0,0.8794274,0.04905218,0.07152045
413,2,0.00060202146,0.0003707161,0.99902725
414,2,0.0011891943,0.0012252579,0.99758554
415,2,0.0006655201,0.000614385,0.99872017
416,0,0.9987435,0.00029085123,0.0009657377
417,2,0.00050777226,0.0006122544,0.99887997
418,2,0.0035914292,0.00077993475,0.9956286
419,0,0.96795684,0.0053074923,0.026735676
420,2,0.0013925002,0.0003925494,0.99821496
421,2,0.0016953922,0.00080328435,0.9975013
422,2,0.0050847875,0.037598316,0.9573169
423,0,0.9982816,0.00025167404,0.0014666793
424,2,0.0008882021,0.00054439367,0.99856734
425,1,0.0011603617,0.9945879,0.00425167
426,2,0.0026241504,0.0009012993,0.99647456
427,2,0.0012138439,0.0200802,0.97870594
428,1,0.0007268624,0.99793774,0.0013354161
429,1,0.014857881,0.9008483,0.084293745
430,2,0.0014874546,0.0010062832,0.9975063
431,2,0.002535385,0.010594539,0.9868701
432,1,0.0006685641,0.9980134,0.0013181046
433,2,0.017332982,0.0015834722,0.9810836
434,2,0.0023525995,0.00032718334,0.99732023
435,2,0.013886919,0.0013196177,0.9847935
436,1,0.0016399093,0.9929115,0.005448505
437,2,0.0029576335,0.00042087308,0.9966215
438,2,0.0026412653,0.0003763006,0.9969824
439,0,0.99708956,0.0007339527,0.0021764329
440,2,0.0011254249,0.0009115741,0.9979631
441,0,0.9986337,0.00075733283,0.0006089488
442,2,0.001324855,0.00050148263,0.9981737
443,2,0.0013597461,0.0012548555,0.99738544
444,2,0.00067662954,0.0011346542,0.9981887
445,2,0.0008274496,0.0005512205,0.99862134
446,0,0.99784577,0.00011029471,0.002043929
447,1,0.0013491933,0.997431,0.0012198708
448,2,0.0008677027,0.000667222,0.99846506
449,0,0.9709594,0.0017815358,0.027258992
450,0,0.998637,0.00050873414,0.0008543179
451,0,0.9973277,0.00048647347,0.0021858315
452,2,0.0010183145,0.0014676851,0.997514
453,0,0.98855734,0.0005200849,0.01092259
454,2,0.0048525142,0.0011611278,0.99398637
455,2,0.0026422283,0.0017694333,0.9955883
456,2,0.0037046105,0.0018940725,0.9944013
457,2,0.012136588,0.00091259007,0.9869508
458,2,0.0009991702,0.0006773705,0.9983235
459,2,0.0011865258,0.00044137577,0.99837214
460,2,0.007488209,0.0012342149,0.9912776
461,2,0.0011229669,0.00077944476,0.9980976
462,2,0.0015346975,0.00045502212,0.99801034
463,2,0.0071020746,0.001575882,0.99132204
464,0,0.9984983,0.0010567874,0.00044490502
465,0,0.9962865,0.00021533109,0.0034981116
466,2,0.039541062,0.13648342,0.8239755
467,2,0.0012812814,0.0018605324,0.9968581
468,2,0.0006052438,0.0010732802,0.9983215
469,2,0.003988268,0.0012748486,0.99473685
470,0,0.99662787,0.0010172444,0.0023549157
471,2,0.051955365,0.004203956,0.9438407
472,2,0.0015263697,0.0005593306,0.99791425
473,2,0.0011395743,0.015358075,0.9835023
474,0,0.9988005,0.00021284365,0.0009866224
475,0,0.9986375,0.0005807957,0.0007816135
476,2,0.0031967552,0.0008491977,0.99595404
477,0,0.9845806,0.013074371,0.0023450202
478,2,0.10801847,0.001099018,0.89088243
479,0,0.9976611,0.00062521256,0.0017136266
480,0,0.9975007,0.0018140413,0.00068532175
481,2,0.0019053678,0.00092021615,0.9971744
482,2,0.0012923406,0.00056928146,0.9981383
483,0,0.9972746,0.0003037337,0.002421634
484,0,0.99895287,0.00045346768,0.00059357664
485,0,0.9932715,0.002307181,0.0044212854
486,2,0.0022279455,0.0005931007,0.9971789
487,2,0.00052799046,0.001701988,0.9977701
488,2,0.0005732322,0.0023922655,0.99703455
489,0,0.99811697,0.00032139142,0.0015616592
490,2,0.0009320947,0.0015892525,0.99747866
491,0,0.99853647,0.0004254674,0.0010380581
492,0,0.9946866,0.004470876,0.0008424375
493,0,0.9914659,0.00061691983,0.00791708
494,2,0.0029307574,0.00059221114,0.99647707
495,2,0.00051356986,0.0003674295,0.999119
496,2,0.0018305085,0.0053626825,0.9928068
497,1,0.0831929,0.8762829,0.040524237
498,2,0.0011301961,0.00039913572,0.9984706
499,0,0.99853444,0.0008377594,0.00062783196
500,2,0.00087629893,0.0008318816,0.9982918
501,2,0.0038375806,0.00028696135,0.99587554
502,2,0.0015396998,0.00027740496,0.99818283
503,2,0.0012963752,0.00052959536,0.9981741
504,2,0.0007021953,0.00045767208,0.99884015
505,2,0.0012072937,0.0007937459,0.9979989
506,0,0.9984157,0.00030958938,0.0012747202
507,2,0.00058193336,0.00050153065,0.9989165
508,2,0.0033461957,0.0026581935,0.9939956
509,0,0.8097742,0.009606768,0.18061905
510,0,0.9978283,0.00042788123,0.0017438559
511,2,0.00082363817,0.000674695,0.99850166
512,2,0.0015874149,0.0004982584,0.9979144
513,2,0.00330423,0.0004976195,0.9961981
514,2,0.0016104562,0.00027659014,0.9981129
515,2,0.0010726757,0.0005385736,0.99838877
516,2,0.0058458154,0.00044985625,0.99370426
517,2,0.0009509193,0.0005834402,0.99846566
518,0,0.99745876,0.0012921377,0.0012491626
519,0,0.9993026,0.00030984666,0.00038752635
520,2,0.0026898826,0.00028450275,0.99702567
521,2,0.0018970642,0.013124117,0.98497885
522,0,0.55831593,0.2878267,0.15385741
523,2,0.00093740225,0.0010597138,0.9980028
524,2,0.00070243457,0.0077820667,0.9915155
525,1,0.0004363868,0.9903894,0.009174226
526,2,0.0015776056,0.001515095,0.9969073
527,2,0.0008344437,0.0011992977,0.9979663
528,2,0.0014869241,0.000898299,0.99761474
529,2,0.00093453424,0.0034445853,0.9956209
530,2,0.0013015768,0.0035546161,0.9951439
531,0,0.99315673,0.0010469686,0.005796289
532,0,0.9942002,0.0015541661,0.0042456966
533,2,0.022680476,0.0011312836,0.97618824
534,2,0.00080523494,0.0008842971,0.99831045
535,0,0.47450683,0.06615176,0.4593414
536,0,0.99798846,0.0004237866,0.0015877107
537,2,0.0010724725,0.003693529,0.99523395
538,2,0.0018351874,0.3173885,0.6807763
539,2,0.005464502,0.00070956233,0.9938259
540,1,0.042136777,0.93678397,0.021079287
541,0,0.9988236,0.00048068693,0.00069576106
542,2,0.001362007,0.0017905977,0.99684733
543,1,0.0005968369,0.9969715,0.0024316655
544,2,0.00091213203,0.0027456277,0.99634224
545,0,0.99732035,0.0017039843,0.000975739
546,2,0.00050396065,0.0031723776,0.9963237
547,2,0.0018082442,0.00050815777,0.9976835
548,1,0.3436015,0.5962742,0.060124345
549,2,0.0032468468,0.003603562,0.9931496
550,2,0.0011295596,0.0013599049,0.99751055
551,2,0.000619105,0.0014901774,0.9978908
552,1,0.004788432,0.970133,0.025078531
553,2,0.0002570238,0.0015996159,0.9981433
554,2,0.01633985,0.051415145,0.932245
555,2,0.00051905465,0.017111717,0.98236924
556,2,0.002380069,0.00081657496,0.9968034
557,2,0.044749826,0.0020960413,0.9531542
558,2,0.0008153549,0.014614104,0.98457056
559,2,0.27583718,0.0012990505,0.72286373
560,0,0.9964527,0.00032126796,0.0032260227
561,2,0.0005878519,0.00034303148,0.99906915
562,0,0.99755704,0.0004330649,0.0020098204
563,0,0.99716264,0.00032308497,0.0025142406
564,0,0.88916194,0.00016809275,0.11066992
565,0,0.99780923,0.00037118956,0.0018195004
566,2,0.0010380037,0.0017050449,0.99725693
567,2,0.0007530802,0.00093195273,0.998315
568,2,0.06049681,0.0002455665,0.93925756
569,2,0.0008400227,0.0022392776,0.9969207
570,0,0.85735935,0.002674738,0.13996592
571,0,0.99828786,0.00041442603,0.001297697
572,0,0.9375492,0.0003758381,0.062074915
573,2,0.0006961591,0.0015658352,0.997738
574,2,0.0005007055,0.00058959646,0.9989097
575,2,0.073868975,0.0007223594,0.9254087
576,2,0.06835005,0.1608608,0.77078915
577,0,0.99728847,0.00020838069,0.0025031928
578,2,0.0007192883,0.0016144301,0.99766636
579,2,0.0013303672,0.0005830174,0.9980867
580,2,0.0010681233,0.0014262509,0.9975056
581,1,0.0008800836,0.9836731,0.01544687
582,2,0.0010727259,0.0007483219,0.99817896
583,0,0.9985599,0.00025339774,0.001186732
584,1,0.0007189962,0.986986,0.012295057
585,0,0.99722904,0.00035413992,0.0024168158
586,2,0.0009715831,0.0005385798,0.99848986
587,2,0.0012025305,0.046488553,0.9523089
588,2,0.00063959335,0.0019770286,0.9973834
589,0,0.998396,0.0007027055,0.00090126955
590,0,0.9955434,0.003541153,0.0009155344
591,0,0.9976755,0.0011239788,0.0012005403
592,2,0.00058652746,0.010664344,0.98874915
593,2,0.00089399004,0.00094537163,0.99816066
594,2,0.0006706836,0.001907864,0.9974215
595,2,0.0028473127,0.002283601,0.9948691
596,2,0.013992388,0.005897213,0.9801104
597,0,0.99742246,0.0014026134,0.0011749745
598,2,0.002139661,0.00038947933,0.99747086
599,0,0.8832861,0.01741447,0.09929942
600,0,0.9979418,0.00035536467,0.0017028118
601,2,0.0026655297,0.0006606785,0.9966738
602,0,0.9988147,0.0007229568,0.00046231187
603,2,0.0005560886,0.0005266083,0.99891734
604,1,0.0007156262,0.99589044,0.003393998
605,2,0.0024846972,0.00066903606,0.99684626
606,0,0.99807906,0.0009360293,0.0009849431
607,1,0.000730652,0.99803084,0.001238571
608,0,0.9989951,0.00045087276,0.00055404403
609,0,0.73031265,0.18887162,0.08081565
610,2,0.00060364476,0.039721716,0.9596746
611,2,0.0012035517,0.00048060226,0.9983158
612,2,0.00043375944,0.0012351756,0.9983311
613,2,0.00080308283,0.0009838775,0.99821305
614,0,0.9951338,0.0014836848,0.0033824367
615,1,0.0011893376,0.9970475,0.0017632742
616,2,0.00069849554,0.0013862327,0.9979153
617,2,0.00053473556,0.001783831,0.9976814
618,2,0.0005362409,0.0033142373,0.99614954
