ID,true_label,pred_label,p_against,p_none,p_favor,max_probability,prediction_entropy
2,0,0,0.7770648,0.20031177,0.022623442,0.7770648,0.6037926
17,2,0,0.39858192,0.2879681,0.31344995,0.39858192,1.0887637
64,0,0,0.67216957,0.27756166,0.050268777,0.67216957,0.7730922
65,0,0,0.7738537,0.19452779,0.031618595,0.7738537,0.6260828
102,2,2,0.05199335,0.12852028,0.8194863,0.8194863,0.580548
116,0,0,0.619735,0.34086972,0.03939534,0.619735,0.79079187
136,0,0,0.93200105,0.039147016,0.028851898,0.93200105,0.29478267
151,0,0,0.7236655,0.041233785,0.23510069,0.7236655,0.7058911
152,0,2,0.10044969,0.19518815,0.70436215,0.70436215,0.7965926
156,0,0,0.8564749,0.07528872,0.068236366,0.8564749,0.51062196
157,1,2,0.23096895,0.3211032,0.4479279,0.4479279,1.0629907
158,0,0,0.9327346,0.033685926,0.033579543,0.9327346,0.29313216
226,0,0,0.9022432,0.047645006,0.05011184,0.9022432,0.38785484
259,0,0,0.7161095,0.23970652,0.044183925,0.7161095,0.71933436
268,0,0,0.6887446,0.23311348,0.07814195,0.6887446,0.7954908
270,0,0,0.87209105,0.06209505,0.065813914,0.87209105,0.47099796
273,1,2,0.011609013,0.16698821,0.82140285,0.82140285,0.5122145
280,2,2,0.004120303,0.046599906,0.9492798,0.9492798,0.21492225
355,2,2,0.021595215,0.10455085,0.873854,0.873854,0.43674034
380,2,2,0.006436936,0.07504903,0.9185141,0.9185141,0.30489877
389,2,1,0.019550487,0.9437675,0.0366821,0.9437675,0.2527988
465,0,2,0.2727455,0.11088231,0.6163722,0.6163722,0.89648235
471,2,2,0.007302871,0.060001664,0.93269557,0.93269557,0.26972094
487,0,0,0.45092726,0.4179169,0.13115588,0.45092726,0.99018764
494,0,0,0.81962126,0.14083451,0.03954424,0.81962126,0.566834
534,2,2,0.061758336,0.2066798,0.7315619,0.7315619,0.7264827
541,0,1,0.17952408,0.62761897,0.19285691,0.62761897,0.9180869
546,0,0,0.8586849,0.061942395,0.07937269,0.8586849,0.50421804
622,0,0,0.6056126,0.34487256,0.049514864,0.6056126,0.81968427
626,2,2,0.007455573,0.07836597,0.9141785,0.9141785,0.31810042
640,1,2,0.011269058,0.24124993,0.74748105,0.74748105,0.6111397
655,0,2,0.010196256,0.06879536,0.9210084,0.9210084,0.3066825
658,2,2,0.018880166,0.071389735,0.90973014,0.90973014,0.34945503
662,2,2,0.0043733595,0.10144557,0.89418113,0.89418113,0.35589954
667,2,2,0.004107825,0.059800897,0.9360913,0.9360913,0.25283676
688,0,0,0.82198423,0.1427629,0.03525284,0.82198423,0.55696297
706,0,2,0.23909126,0.11673116,0.64417756,0.64417756,0.87613976
831,1,2,0.0075180545,0.17114621,0.82133573,0.82133573,0.50053835
837,0,0,0.67729187,0.26627105,0.056437068,0.67729187,0.77848506
884,2,1,0.047636144,0.8285075,0.12385641,0.8285075,0.55956936
972,1,1,0.057806626,0.92534286,0.016850581,0.92534286,0.30539197
978,1,1,0.22079718,0.72839206,0.05081079,0.72839206,0.7157537
985,2,2,0.036892924,0.085908264,0.8771988,0.8771988,0.4475286
987,2,2,0.0063685575,0.11428286,0.87934864,0.87934864,0.39315158
1040,2,2,0.039173305,0.101196356,0.85963047,0.85963047,0.48874325
1099,0,2,0.039369915,0.35263196,0.6079982,0.6079982,0.79744077
1107,2,2,0.006835285,0.05650519,0.9366596,0.9366596,0.25773236
1114,0,0,0.7349508,0.13591753,0.12913167,0.7349508,0.76190346
1127,2,2,0.10549704,0.27736586,0.61713713,0.61713713,0.89083934
1132,2,2,0.0055107116,0.040051125,0.9544381,0.9544381,0.20203781
1135,0,0,0.7718862,0.130859,0.097254835,0.7718862,0.69261944
1149,0,0,0.91343206,0.04222243,0.04434564,0.91343206,0.3545031
1164,0,2,0.45889807,0.06699236,0.4741096,0.4741096,0.8923763
1183,2,2,0.0030478165,0.041512348,0.95543987,0.95543987,0.19329177
1188,0,0,0.8832191,0.08868766,0.02809314,0.8832191,0.4248928
1251,2,2,0.015830362,0.046415366,0.9377543,0.9377543,0.26839784
1283,1,1,0.03595578,0.9350995,0.028944789,0.9350995,0.2848501
1358,0,0,0.79933774,0.0881931,0.11246908,0.79933774,0.63893545
1369,2,2,0.42780438,0.06688481,0.50531083,0.50531083,0.88906884
1372,2,2,0.009213988,0.07253443,0.91825163,0.91825163,0.3118064
1395,2,2,0.0074381046,0.05180571,0.94075626,0.94075626,0.2472664
1412,2,2,0.0094010895,0.030443385,0.96015555,0.96015555,0.18921898
1419,2,2,0.008820737,0.061696135,0.9294832,0.9294832,0.2815544
1442,0,0,0.805822,0.064711146,0.12946692,0.805822,0.61581147
1464,2,2,0.009184858,0.07117398,0.91964114,0.91964114,0.3082051
1489,0,0,0.87309754,0.07639056,0.05051194,0.87309754,0.46576062
1496,2,2,0.0024094353,0.08198203,0.9156086,0.9156086,0.30030876
1510,2,2,0.011651591,0.046045337,0.9423031,0.9423031,0.24960946
1511,0,1,0.34193584,0.62534523,0.032718968,0.62534523,0.7724039
1523,1,2,0.019423233,0.23976737,0.74080944,0.74080944,0.6412126
1524,2,2,0.34708336,0.14299393,0.50992274,0.50992274,0.9888277
1528,1,0,0.8410415,0.12195173,0.037006795,0.8410415,0.52419716
1533,0,0,0.7129965,0.06236645,0.22463706,0.7129965,0.74968517
1534,0,0,0.93023276,0.030113287,0.039653964,0.93023276,0.30074105
1549,0,0,0.88629764,0.050218586,0.06348382,0.88629764,0.43222365
1569,0,0,0.9129715,0.029446328,0.05758213,0.9129715,0.35130107
1577,0,2,0.11882155,0.086539365,0.7946391,0.7946391,0.6475424
1578,2,2,0.30594394,0.041016098,0.65304,0.65304,0.77161396
1603,0,1,0.23752481,0.47459245,0.28788278,0.47459245,1.0536233
1658,2,2,0.010174407,0.044201247,0.94562435,0.94562435,0.23741251
1701,0,0,0.86560386,0.072797395,0.061598815,0.86560386,0.4873483
1715,2,2,0.007136372,0.058393374,0.93447024,0.93447024,0.26447552
1759,0,0,0.81680924,0.052922763,0.13026804,0.81680924,0.5863242
1761,2,2,0.009714477,0.0743149,0.91597074,0.91597074,0.31859118
1770,2,2,0.007401184,0.084564455,0.90803444,0.90803444,0.33280644
1811,0,0,0.91026586,0.04985105,0.039883126,0.91026586,0.36356658
1872,2,2,0.00950308,0.10730995,0.883187,0.883187,0.39347515
1888,2,0,0.47519815,0.07913642,0.44566548,0.47519815,0.91447544
1917,2,1,0.15206823,0.78258044,0.06535135,0.78258044,0.65654254
2005,1,1,0.029713195,0.9492773,0.021009557,0.9492773,0.23504572
2010,2,2,0.00830607,0.062171023,0.9295229,0.9295229,0.28042838
2054,0,0,0.8521282,0.056786887,0.09108494,0.8521282,0.5174825
2100,2,2,0.0044540726,0.044643488,0.95090246,0.95090246,0.2107848
2109,2,2,0.0077265287,0.08210501,0.91016847,0.91016847,0.3284875
2152,2,1,0.3389955,0.4977759,0.1632286,0.4977759,1.0098345
2192,0,0,0.86342156,0.08076358,0.055814907,0.86342156,0.49108094
2195,2,2,0.017028231,0.10706595,0.8759058,0.8759058,0.42462718
2201,2,2,0.1500634,0.046807196,0.80312943,0.80312943,0.6040129
2211,2,2,0.0039462782,0.05039585,0.94565797,0.94565797,0.22525565
2229,2,2,0.37476122,0.18896458,0.43627423,0.43627423,1.0445501
2312,2,2,0.0031725578,0.07498952,0.921838,0.921838,0.2875303
2332,2,2,0.011583318,0.11747922,0.87093747,0.87093747,0.4235722
2498,2,2,0.009781068,0.04579693,0.944422,0.944422,0.24048068
2499,2,2,0.02725126,0.28701395,0.6857348,0.6857348,0.71513796
2510,2,2,0.0019135042,0.041317653,0.9567689,0.9567689,0.18591644
2604,2,2,0.0043468927,0.05239827,0.94325495,0.94325495,0.23325968
2611,2,1,0.074309565,0.61993027,0.30576015,0.61993027,0.85189927
2625,0,2,0.13217707,0.2894545,0.57836837,0.57836837,0.9430108
2703,2,2,0.0049945195,0.06896841,0.92603713,0.92603713,0.28205448
2835,2,2,0.0022922065,0.058867566,0.9388402,0.9388402,0.23992309
2837,2,2,0.0023532188,0.026677413,0.97096944,0.97096944,0.13952394
2870,2,2,0.0034508854,0.044418946,0.9521302,0.9521302,0.20459336
2892,2,2,0.01165352,0.123481646,0.86486477,0.86486477,0.43572804
2938,2,2,0.061678052,0.050843842,0.8874781,0.8874781,0.42922753
2967,2,2,0.23184998,0.070438035,0.69771206,0.69771206,0.7769012
3025,2,2,0.0024603736,0.04611603,0.95142365,0.95142365,0.20403783
3039,2,2,0.0049147457,0.07770747,0.91737777,0.91737777,0.30376267
3049,2,2,0.0054409034,0.056755178,0.937804,0.937804,0.25141937
3079,2,2,0.0046012304,0.08567899,0.90971977,0.90971977,0.3213636
3107,2,2,0.010377795,0.088497676,0.9011245,0.9011245,0.35581174
3108,2,2,0.01215083,0.094559625,0.89328957,0.89328957,0.37741354
3116,2,2,0.05091919,0.33626297,0.6128178,0.6128178,0.8181821
3119,2,2,0.0026964587,0.07788828,0.91941524,0.91941524,0.2920069
3120,2,2,0.007445435,0.06777284,0.92478174,0.92478174,0.29121637
3127,2,1,0.04239793,0.60141623,0.3561858,0.60141623,0.80749774
3133,2,2,0.0024446372,0.06788973,0.9296657,0.9296657,0.26511702
3145,2,2,0.035199933,0.05777239,0.9070277,0.9070277,0.37103704
3156,0,0,0.85222083,0.087182276,0.060596954,0.85222083,0.5188658
3168,2,0,0.38849398,0.24099624,0.37050977,0.38849398,1.0781138
3178,2,2,0.01713485,0.06979257,0.91307265,0.91307265,0.33851966
3187,2,2,0.16581936,0.06373788,0.7704427,0.7704427,0.67434615
3195,2,0,0.80541545,0.1650117,0.029572872,0.80541545,0.57572055
3199,2,0,0.8243175,0.09089965,0.084782846,0.8243175,0.5864504
3201,2,2,0.0029444103,0.035184447,0.9618712,0.9618712,0.17231971
3214,0,0,0.8190289,0.14056465,0.040406443,0.8190289,0.5689626
3235,2,2,0.18017635,0.20334116,0.61648256,0.61648256,0.93089396
3264,2,2,0.005254319,0.0579789,0.9367668,0.9367668,0.25387394
3266,2,2,0.008082724,0.04191124,0.950006,0.950006,0.22061661
3268,0,0,0.60396636,0.35779592,0.03823778,0.60396636,0.7970875
3274,2,2,0.016260626,0.059460405,0.92427903,0.92427903,0.30758023
3287,2,2,0.0030945393,0.08097945,0.91592604,0.91592604,0.3018636
3289,0,2,0.1906017,0.23080024,0.5785981,0.5785981,0.9709138
3331,2,2,0.0065369094,0.066244505,0.9272186,0.9272186,0.28276294
3369,2,2,0.0027066532,0.041553143,0.9557402,0.9557402,0.19143888
3419,2,2,0.0069657094,0.03768372,0.9553506,0.9553506,0.20178154
3454,2,2,0.003621616,0.056934036,0.9394443,0.9394443,0.24220562
3483,2,2,0.002011075,0.055160623,0.94282836,0.94282836,0.22782044
3506,2,2,0.013190453,0.06781437,0.91899514,0.91899514,0.31721053
3511,2,2,0.1495707,0.098379984,0.7520493,0.7520493,0.7266163
3526,2,2,0.12112147,0.11613469,0.7627439,0.7627439,0.71229756
3558,2,2,0.00452656,0.089814916,0.90565854,0.90565854,0.3306321
3571,2,2,0.0021085266,0.06139989,0.9364916,0.9364916,0.2457669
3589,2,2,0.005521311,0.06973491,0.92474383,0.92474383,0.2867645
3592,2,2,0.014170072,0.09897568,0.8868543,0.8868543,0.3957243
3597,2,2,0.028365614,0.24772693,0.7239075,0.7239075,0.68062836
3610,0,2,0.27097505,0.25168216,0.47734278,0.47734278,1.0540423
3629,2,2,0.0023540582,0.06763301,0.930013,0.930013,0.2639048
3646,2,2,0.029506918,0.1516125,0.8188806,0.8188806,0.553589
3647,0,0,0.7535767,0.16709602,0.079327345,0.7535767,0.71320045
3648,2,2,0.16401039,0.31640527,0.5195844,0.5195844,1.0007851
3657,2,2,0.013807491,0.071665734,0.91452676,0.91452676,0.32973528
3672,0,0,0.5213319,0.4265092,0.05215892,0.5213319,0.857066
3678,2,2,0.0021696668,0.06857578,0.92925453,0.92925453,0.26525924
3686,0,1,0.12580131,0.8420784,0.03212032,0.8420784,0.51596904
3688,2,2,0.0040320107,0.077596806,0.91837126,0.91837126,0.29878825
3702,2,1,0.07534288,0.8437931,0.080864094,0.8437931,0.5415031
3714,2,2,0.026296519,0.23854822,0.7351553,0.7351553,0.66374636
3717,2,2,0.016047519,0.1377419,0.84621066,0.84621066,0.4806736
3718,2,2,0.0059671933,0.18105261,0.81298023,0.81298023,0.5083002
3742,2,1,0.20705119,0.75469685,0.038252044,0.75469685,0.663301
3745,2,1,0.006823241,0.58815104,0.40502575,0.58815104,0.71226835
3749,2,2,0.0053612394,0.043878548,0.95076025,0.95076025,0.21321744
3750,2,1,0.2403333,0.5261344,0.23353231,0.5261344,1.0201904
3753,2,2,0.007127684,0.23656298,0.7563094,0.7563094,0.58749366
3757,2,2,0.0585947,0.11861326,0.82279205,0.82279205,0.57959676
3763,0,0,0.9255767,0.03437633,0.04004707,0.9255767,0.3163035
3769,0,1,0.15534629,0.68474936,0.15990433,0.68474936,0.84171975
3777,0,0,0.5723641,0.3670794,0.060556516,0.5723641,0.8570575
3785,2,0,0.67872477,0.042393982,0.27888134,0.67872477,0.75315225
3787,0,0,0.8131512,0.10409113,0.082757756,0.8131512,0.60991466
3792,2,2,0.0062614637,0.06697669,0.92676187,0.92676187,0.28332028
3795,2,2,0.06792995,0.05297893,0.87909114,0.87909114,0.45161286
3804,2,1,0.082838535,0.58026004,0.33690146,0.58026004,0.8886996
3806,2,0,0.71202487,0.16934453,0.11863065,0.71202487,0.795449
3811,0,0,0.8082258,0.14391072,0.047863476,0.8082258,0.59653866
3814,2,0,0.87483925,0.057203494,0.067957304,0.87483925,0.46337518
3818,2,2,0.0047080875,0.120689444,0.8746025,0.8746025,0.39761448
3821,2,2,0.004390029,0.09792876,0.8976812,0.8976812,0.34826586
3828,2,2,0.36548144,0.1416049,0.49291366,0.49291366,0.99336636
3851,2,1,0.23025627,0.7155496,0.05419414,0.7155496,0.7356291
3863,0,2,0.022046994,0.06838578,0.90956724,0.90956724,0.3537656
3872,2,2,0.0034686856,0.08228307,0.9142482,0.9142482,0.30712116
3883,2,2,0.00853917,0.057964567,0.93349624,0.93349624,0.26999316
3890,2,2,0.032052442,0.064255744,0.90369177,0.90369177,0.3781613
3899,1,1,0.23230255,0.67488754,0.092809916,0.67488754,0.82509536
3907,2,2,0.008271135,0.11862584,0.8731031,0.8731031,0.41102576
3913,0,0,0.74951684,0.22341684,0.02706638,0.74951684,0.6486391
3921,0,1,0.23468179,0.6282602,0.137058,0.6282602,0.90457535
3941,2,2,0.013577736,0.1227938,0.86362845,0.86362845,0.44252306
3952,0,0,0.8818666,0.051125467,0.06700801,0.8818666,0.44400245
3953,0,0,0.8109323,0.12775046,0.061317284,0.8109323,0.60399586
3956,0,2,0.050845545,0.21579698,0.73335755,0.73335755,0.70980406
3962,2,2,0.0034632862,0.08429304,0.91224366,0.91224366,0.31190437
3969,2,2,0.0022025448,0.0861152,0.9116823,0.9116823,0.3089334
3970,2,2,0.0037986026,0.06627592,0.92992544,0.92992544,0.26859808
3979,2,2,0.0049336804,0.06374136,0.931325,0.931325,0.26794198
3981,2,2,0.007906982,0.23528881,0.7568042,0.7568042,0.58960307
3985,0,2,0.018258007,0.11163892,0.8701031,0.8701031,0.4389255
3986,2,2,0.010807169,0.073329344,0.9158635,0.9158635,0.3210178
4009,2,2,0.002733667,0.039438833,0.95782757,0.95782757,0.18491073
1,0,0,0.8066318,0.117253944,0.07611423,0.8066318,0.62069285
4,2,2,0.11872981,0.32138652,0.55988365,0.55988365,0.9425584
8,2,2,0.004050286,0.03703432,0.9589154,0.9589154,0.18460351
9,1,0,0.7435209,0.17976566,0.07671348,0.7435209,0.7258202
22,1,1,0.3205745,0.6336825,0.045743037,0.6336825,0.79489344
30,1,2,0.4244778,0.114993006,0.4605292,0.4605292,0.96953434
38,2,2,0.0042311684,0.11269464,0.8830742,0.8830742,0.3789519
40,0,0,0.8858452,0.06754379,0.046610974,0.8858452,0.43231064
41,2,0,0.8461418,0.056775503,0.09708269,0.8461418,0.530648
42,0,2,0.06364091,0.35187754,0.58448154,0.58448154,0.85670924
45,0,2,0.06389255,0.08065301,0.85545444,0.85545444,0.51234734
48,2,2,0.052918606,0.27239993,0.6746815,0.6746815,0.77527654
49,0,1,0.16535951,0.67499906,0.15964144,0.67499906,0.85580486
51,2,2,0.03599181,0.15045713,0.81355107,0.81355107,0.57250434
54,2,1,0.26402462,0.46925348,0.2667219,0.46925348,1.0591339
55,0,0,0.77122474,0.20100565,0.02776956,0.77122474,0.62236416
56,0,1,0.33507815,0.61974883,0.04517303,0.61974883,0.8027972
58,2,2,0.04658209,0.10151177,0.8519062,0.8519062,0.5116047
59,0,2,0.11500942,0.13169616,0.7532944,0.7532944,0.72912526
60,0,0,0.76749766,0.20705405,0.025448274,0.76749766,0.6225821
66,0,0,0.8229324,0.14256316,0.034504447,0.8229324,0.55424786
72,0,0,0.91903996,0.041505832,0.039454155,0.91903996,0.33719897
73,0,0,0.6373172,0.19899553,0.16368733,0.6373172,0.90461737
76,1,1,0.46178848,0.50161064,0.0366009,0.50161064,0.8239411
83,2,1,0.18134902,0.77032673,0.048324227,0.77032673,0.6570462
84,0,0,0.88001704,0.03843788,0.081545115,0.88001704,0.44213736
86,2,2,0.0047729313,0.03848459,0.9567425,0.9567425,0.19318186
87,2,2,0.0042838305,0.06852686,0.92718935,0.92718935,0.27714077
103,0,0,0.8316364,0.08746714,0.08089643,0.8316364,0.5698544
104,0,0,0.85957575,0.0894776,0.05094661,0.85957575,0.4977128
105,0,0,0.44887114,0.21106875,0.34006009,0.44887114,1.054687
111,2,2,0.04430336,0.033692237,0.9220044,0.9220044,0.3271848
115,0,2,0.0495834,0.08531475,0.86510193,0.86510193,0.484308
125,2,2,0.102142386,0.08509453,0.8127631,0.8127631,0.6111971
137,0,0,0.86549467,0.10549363,0.02901178,0.86549467,0.4649937
138,0,0,0.8756025,0.080188096,0.044209424,0.8756025,0.45654392
139,0,1,0.13731748,0.81123894,0.051443595,0.81123894,0.59499055
140,0,0,0.89122105,0.076160036,0.032618925,0.89122105,0.4103915
141,0,0,0.86465776,0.09004026,0.045301963,0.86465776,0.4826942
142,2,2,0.005496216,0.08127959,0.91322416,0.91322416,0.31549796
147,1,1,0.048061747,0.6450203,0.30691794,0.6450203,0.7912284
149,0,0,0.7327358,0.18412331,0.08314086,0.7327358,0.7462126
150,0,2,0.13797568,0.14609751,0.7159268,0.7159268,0.79354763
154,0,2,0.25944158,0.31843126,0.42212716,0.42212716,1.0785041
160,2,2,0.006042804,0.04868563,0.9452716,0.9452716,0.23122075
165,2,0,0.7434579,0.15928897,0.09725317,0.7434579,0.7396549
167,2,2,0.007721802,0.07687518,0.915403,0.915403,0.31569868
173,2,2,0.06960454,0.147179,0.7832165,0.7832165,0.6588774
176,2,2,0.008025861,0.07978437,0.9121898,0.9121898,0.3242913
177,0,0,0.622352,0.18344662,0.19420138,0.622352,0.92451346
179,2,2,0.0184788,0.12428787,0.8572333,0.8572333,0.46496344
183,2,2,0.00566531,0.0680255,0.9263092,0.9263092,0.28305912
196,2,2,0.010642317,0.1422595,0.84709823,0.84709823,0.46633404
197,2,0,0.81115055,0.14052135,0.048328113,0.81115055,0.5919553
200,0,0,0.6731299,0.08618065,0.24068941,0.6731299,0.8204931
201,2,2,0.023721954,0.053644013,0.922634,0.922634,0.3199746
204,0,0,0.82394373,0.0906381,0.08541818,0.82394373,0.587316
207,2,2,0.008548774,0.05630334,0.93514794,0.93514794,0.26539597
209,0,0,0.5010174,0.41257554,0.0864071,0.5010174,0.9231121
211,0,0,0.68685097,0.10572727,0.2074218,0.68685097,0.82183975
212,2,2,0.26605266,0.06420384,0.66974354,0.66974354,0.79702765
220,2,2,0.0046395147,0.05507576,0.9402847,0.9402847,0.24249166
222,2,2,0.009190974,0.060450222,0.9303588,0.9303588,0.27987868
223,2,2,0.014749491,0.048674963,0.9365756,0.9365756,0.27068555
224,1,0,0.8608657,0.07198749,0.06714684,0.8608657,0.49974525
225,0,0,0.5737056,0.1323796,0.29391482,0.5737056,0.946344
227,0,0,0.77045965,0.16858898,0.060951363,0.77045965,0.67157114
232,0,0,0.77879316,0.18646465,0.034742188,0.77879316,0.6246026
233,2,2,0.0136960065,0.3749874,0.6113167,0.6113167,0.72742945
237,0,0,0.9082477,0.052264012,0.039488316,0.9082477,0.3692789
246,2,2,0.004118467,0.08900603,0.9068755,0.9068755,0.32657707
250,2,1,0.1705193,0.46718526,0.3622955,0.46718526,1.0250113
252,0,2,0.35872236,0.12880991,0.51246774,0.51246774,0.97434354
255,2,2,0.018751964,0.12132779,0.85992026,0.85992026,0.46025354
258,2,2,0.03955977,0.11166389,0.84877634,0.84877634,0.51173735
271,1,2,0.033162586,0.1254769,0.8413605,0.8413605,0.51873934
272,0,0,0.8198707,0.13644513,0.04368422,0.8198707,0.5713744
279,2,2,0.029879216,0.16059709,0.8095237,0.8095237,0.56966263
285,2,2,0.39264634,0.0764266,0.53092706,0.53092706,0.8997353
308,0,0,0.60190636,0.07218429,0.3259094,0.60190636,0.86068726
314,0,2,0.02661524,0.46942592,0.5039588,0.5039588,0.7968582
324,1,1,0.22475243,0.71790755,0.057340015,0.71790755,0.73734653
331,0,2,0.04443874,0.05259587,0.90296537,0.90296537,0.3854341
332,2,2,0.011081471,0.044185147,0.9447334,0.9447334,0.24143426
334,0,0,0.8798951,0.07449829,0.045606673,0.8798951,0.44687515
335,2,2,0.014300194,0.3930836,0.59261614,0.59261614,0.73783666
343,2,2,0.0056455606,0.047355745,0.9469987,0.9469987,0.22523585
363,0,2,0.10611256,0.05310337,0.8407841,0.8407841,0.53973234
368,0,1,0.111084215,0.84263015,0.046285644,0.84263015,0.53061724
378,0,0,0.49206436,0.19471596,0.31321973,0.49206436,1.0311434
390,2,0,0.7730426,0.14869973,0.0782577,0.7730426,0.68177426
394,0,0,0.8442495,0.13547033,0.020280242,0.8442495,0.49279773
406,0,0,0.86186135,0.08901176,0.049126897,0.86186135,0.4914798
408,0,0,0.85930127,0.12767094,0.01302783,0.85930127,0.4496352
409,2,2,0.023230609,0.04130109,0.9354683,0.9354683,0.28142446
415,2,2,0.24275804,0.06457261,0.6926694,0.6926694,0.7749467
423,1,0,0.8819369,0.036802314,0.08126077,0.8819369,0.4363023
425,2,2,0.008004152,0.07005288,0.92194295,0.92194295,0.29980642
429,1,0,0.82991874,0.11589291,0.054188415,0.82991874,0.562454
441,0,2,0.05732228,0.12389515,0.81878257,0.81878257,0.5863255
442,0,0,0.8310193,0.09437505,0.07460567,0.8310193,0.5702357
445,2,2,0.0056637856,0.060141403,0.9341948,0.9341948,0.26195434
446,2,2,0.013631096,0.052387554,0.93398136,0.93398136,0.27683625
459,2,2,0.002387874,0.05590136,0.9417108,0.9417108,0.23220162
468,0,0,0.7969711,0.14597608,0.057052843,0.7969711,0.6251524
472,0,0,0.8903061,0.069256954,0.040436916,0.8903061,0.41807806
476,2,2,0.006563914,0.056262802,0.9371733,0.9371733,0.25571042
478,2,2,0.14811534,0.14853266,0.703352,0.703352,0.8136178
481,2,2,0.3114419,0.062333915,0.6262243,0.6262243,0.8294046
484,2,0,0.8497487,0.040004976,0.11024637,0.8497487,0.51021504
489,0,2,0.05450834,0.20578824,0.7397034,0.7397034,0.70694387
500,0,1,0.27581063,0.6056031,0.11858629,0.6056031,0.9118233
504,2,2,0.007517248,0.060993727,0.93148905,0.93148905,0.27347058
507,2,2,0.009428542,0.059133332,0.9314381,0.9314381,0.2773575
511,2,2,0.1193948,0.19218257,0.6884227,0.6884227,0.82774484
515,2,2,0.051309872,0.07946745,0.8692227,0.8692227,0.47545445
516,0,0,0.8577913,0.07161033,0.070598334,0.8577913,0.5075207
523,0,0,0.90182316,0.068167664,0.030009128,0.90182316,0.38149488
525,2,2,0.0038683962,0.06487303,0.9312586,0.9312586,0.26525995
526,0,0,0.44639888,0.42498255,0.12861858,0.44639888,0.9874846
532,0,2,0.17923492,0.3881396,0.43262544,0.43262544,1.0379362
538,0,0,0.73364234,0.13048302,0.13587461,0.73364234,0.7641728
544,2,2,0.02986686,0.3735753,0.59655786,0.59655786,0.7808676
547,0,2,0.12622213,0.08148383,0.792294,0.792294,0.65001607
549,0,0,0.84942436,0.07293954,0.07763618,0.84942436,0.5280042
570,2,0,0.45430112,0.12348757,0.42221135,0.45430112,0.9807812
586,1,2,0.018675594,0.055895016,0.92542946,0.92542946,0.3072741
604,1,2,0.12913598,0.3693521,0.50151193,0.50151193,0.97831094
612,0,0,0.921787,0.033332855,0.044880092,0.921787,0.3277405
615,1,1,0.44657794,0.47194165,0.081480466,0.47194165,0.9186893
621,0,0,0.7954501,0.14804465,0.05650522,0.7954501,0.62720084
627,2,2,0.026642911,0.3947645,0.57859254,0.57859254,0.7800877
628,0,2,0.019446254,0.07613613,0.9044177,0.9044177,0.36354983
630,2,2,0.05945539,0.2327931,0.7077515,0.7077515,0.75177795
631,2,2,0.0033754301,0.04431851,0.95230603,0.95230603,0.20386055
633,0,2,0.24828836,0.06299913,0.6887125,0.6887125,0.7769186
634,2,1,0.1292737,0.5718422,0.29888412,0.5718422,0.9450314
635,1,1,0.24983229,0.69994044,0.050227277,0.69994044,0.74645925
636,2,2,0.035942663,0.07045165,0.8936057,0.8936057,0.40695763
639,2,2,0.014550091,0.17175731,0.8136926,0.8136926,0.53189045
641,1,2,0.016708786,0.21396819,0.76932305,0.76932305,0.6000434
642,2,2,0.014285615,0.24696814,0.7387463,0.7387463,0.6297693
643,2,2,0.015431532,0.23683456,0.74773395,0.74773395,0.6228774
645,2,1,0.09142747,0.4731065,0.435466,0.4731065,0.9348227
646,2,0,0.6880394,0.10671231,0.2052483,0.6880394,0.8210635
647,2,2,0.0023181548,0.06245464,0.93522716,0.93522716,0.24989885
649,0,2,0.0669484,0.078095004,0.8549566,0.8549566,0.5141218
659,2,2,0.013386872,0.23873994,0.7478732,0.7478732,0.616984
660,2,2,0.012075321,0.12383603,0.86408865,0.86408865,0.43822604
665,2,2,0.032029483,0.0956534,0.8723172,0.8723172,0.45387787
671,2,2,0.0071240207,0.074715085,0.9181609,0.9181609,0.30743456
673,2,2,0.060097974,0.05121634,0.88868564,0.88868564,0.42605698
674,2,2,0.010568116,0.06196439,0.9274676,0.9274676,0.290255
676,2,2,0.003415882,0.068795204,0.927789,0.927789,0.27307728
678,1,2,0.0054742573,0.12873979,0.86578596,0.86578596,0.41719493
680,2,2,0.01413195,0.06127754,0.9245905,0.9245905,0.30379218
682,2,0,0.47596624,0.11194881,0.41208503,0.47596624,0.96382105
683,2,2,0.008156779,0.37933427,0.612509,0.612509,0.7071749
684,2,2,0.03082488,0.09338321,0.875792,0.875792,0.4448221
690,0,0,0.6784243,0.28303546,0.03854029,0.6784243,0.7459483
702,0,0,0.8784714,0.06749291,0.05403571,0.8784714,0.45345026
708,1,0,0.5410213,0.43033868,0.02864002,0.5410213,0.7969583
709,0,0,0.8727427,0.08467413,0.04258318,0.8727427,0.4622538
711,0,2,0.04106625,0.12506594,0.83386785,0.83386785,0.5426056
713,0,0,0.5872865,0.074350305,0.33836323,0.5872865,0.87247527
721,2,2,0.015997633,0.27565783,0.7083446,0.7083446,0.66562116
730,1,1,0.14932376,0.46876222,0.381914,0.46876222,1.0067371
731,1,1,0.2734685,0.6800027,0.04652883,0.6800027,0.75955534
735,1,2,0.065794356,0.443728,0.49047768,0.49047768,0.8889936
737,2,1,0.03620947,0.6366999,0.3270906,0.6366999,0.773131
738,1,1,0.3262773,0.46724355,0.20647925,0.46724355,1.0466933
739,0,2,0.38638166,0.113302745,0.5003156,0.5003156,0.96063685
744,2,2,0.0059779896,0.0523636,0.9416585,0.9416585,0.24165961
745,2,2,0.006023611,0.035820212,0.9581562,0.9581562,0.19100314
750,2,2,0.0033625131,0.043085266,0.95355225,0.95355225,0.1999865
751,2,2,0.0031419322,0.049877085,0.946981,0.946981,0.21923581
753,0,0,0.81267923,0.13505936,0.052261446,0.81267923,0.5932088
755,0,0,0.7563957,0.1842522,0.05935217,0.7563957,0.6904583
756,0,2,0.051735792,0.08513988,0.8631244,0.8631244,0.49000853
768,2,2,0.0035958532,0.047947634,0.9484565,0.9484565,0.21607697
770,0,0,0.8409171,0.09134039,0.06774252,0.8409171,0.5466572
771,0,0,0.8252724,0.07348598,0.10124168,0.8252724,0.58220196
774,1,1,0.16501215,0.58539176,0.24959615,0.58539176,0.9571876
779,2,1,0.35474998,0.5122241,0.13302594,0.5122241,0.9786581
782,2,2,0.0070396555,0.050223038,0.94273734,0.94273734,0.24071208
784,0,0,0.85359573,0.07089072,0.07551362,0.85359573,0.51782775
785,2,2,0.0016602827,0.038449783,0.95989,0.95989,0.17520656
786,0,0,0.83728373,0.09051165,0.07220463,0.83728373,0.55590105
791,1,1,0.19956271,0.71554875,0.084888555,0.71554875,0.7704892
792,0,0,0.8899974,0.040821023,0.06918157,0.8899974,0.4190712
795,2,2,0.0036073693,0.11105866,0.88533396,0.88533396,0.37218902
799,0,0,0.88622326,0.06015528,0.053621493,0.88622326,0.43301576
800,2,2,0.010749278,0.09909136,0.8901595,0.8901595,0.38137054
801,0,0,0.8922367,0.046898037,0.060865335,0.8922367,0.41560152
802,0,0,0.9085873,0.056170065,0.035242703,0.9085873,0.36673993
812,2,2,0.0027103217,0.055604648,0.9416851,0.9416851,0.23326941
813,2,2,0.012790785,0.06223988,0.92496943,0.92496943,0.3007232
814,0,0,0.75915205,0.21059489,0.030253027,0.75915205,0.64308536
818,1,2,0.05850553,0.16831475,0.7731797,0.7731797,0.6648948
824,2,2,0.0023125915,0.047572155,0.95011526,0.95011526,0.20753665
825,2,2,0.007300384,0.06256268,0.9301369,0.9301369,0.27667826
826,0,0,0.91916287,0.042435616,0.038401578,0.91916287,0.33674064
827,2,2,0.005041929,0.037304543,0.9576536,0.9576536,0.19078974
828,2,2,0.2457497,0.25401106,0.5002393,0.5002393,1.0394865
834,2,2,0.23479909,0.32818663,0.4370143,0.4370143,1.0676422
840,0,1,0.040672865,0.73379344,0.2255337,0.73379344,0.6932559
849,2,2,0.0038834359,0.08351618,0.91260046,0.91260046,0.31236777
857,2,2,0.0054230564,0.046889696,0.9476873,0.9476873,0.22269294
858,2,2,0.001280566,0.046433553,0.9522858,0.9522858,0.19762507
859,2,2,0.093646996,0.13532065,0.7710324,0.7710324,0.6929205
861,2,2,0.01118485,0.21930525,0.76950985,0.76950985,0.5846183
874,0,2,0.02090571,0.12049264,0.8586016,0.8586016,0.46673423
876,2,2,0.005127615,0.1706804,0.824192,0.824192,0.48815405
877,1,2,0.0055812933,0.14697205,0.8474467,0.8474467,0.451054
879,0,2,0.04824813,0.030330654,0.92142123,0.92142123,0.3276903
881,2,2,0.006568252,0.105591215,0.88784057,0.88784057,0.37601715
883,2,2,0.010907134,0.45531824,0.5337746,0.5337746,0.74260163
885,1,2,0.021283373,0.38928673,0.5894299,0.5894299,0.76077795
888,0,0,0.50417066,0.46343726,0.03239213,0.50417066,0.8127986
891,2,2,0.0026713272,0.026368622,0.9709601,0.9709601,0.14030746
894,2,2,0.010666839,0.07813114,0.911202,0.911202,0.3323522
895,2,2,0.002827054,0.043486673,0.95368624,0.95368624,0.19815877
896,0,0,0.7958558,0.13159327,0.07255093,0.7958558,0.6389348
898,0,0,0.8636884,0.069385365,0.06692627,0.8636884,0.49267292
899,2,2,0.01477527,0.1269969,0.85822785,0.85822785,0.45555544
904,0,0,0.89267415,0.07470131,0.032624528,0.89267415,0.40680668
907,2,0,0.39866996,0.38929486,0.2120352,0.39866996,1.0627605
911,2,2,0.091324925,0.100808226,0.8078668,0.8078668,0.62224376
912,2,2,0.0055110445,0.0627526,0.9317364,0.9317364,0.2682757
917,0,0,0.90146065,0.056674004,0.04186533,0.90146065,0.38904697
920,2,2,0.01679373,0.100818664,0.88238764,0.88238764,0.41036102
921,0,0,0.88851917,0.084460124,0.027020752,0.88851917,0.41133928
922,0,0,0.80767626,0.1480065,0.044317264,0.80767626,0.5933906
925,2,2,0.0041066688,0.06232482,0.9335685,0.9335685,0.25971717
926,2,2,0.0037592594,0.07354366,0.92269707,0.92269707,0.28716475
927,2,2,0.015986247,0.21356736,0.7704464,0.7704464,0.59674644
928,2,2,0.01884448,0.08276521,0.8983903,0.8983903,0.37733465
929,2,2,0.0064719045,0.061748337,0.93177986,0.93177986,0.27040845
930,2,2,0.0050204657,0.065947644,0.9290319,0.9290319,0.27427226
933,2,2,0.015697092,0.058614373,0.9256885,0.9256885,0.30296522
934,0,0,0.6301048,0.06374651,0.30614874,0.6301048,0.8288934
936,0,0,0.9282705,0.027643675,0.044085797,0.9282705,0.30590755
937,2,2,0.010408595,0.41560715,0.57398427,0.57398427,0.73107505
939,2,2,0.0043151285,0.051793933,0.943891,0.943891,0.2313382
940,0,2,0.29370904,0.30994788,0.39634308,0.39634308,1.0897057
941,2,2,0.14427088,0.18246312,0.673266,0.673266,0.856079
942,0,0,0.8239092,0.07776512,0.09832569,0.8239092,0.5862675
947,2,2,0.00797199,0.06370937,0.9283186,0.9283186,0.2829867
956,2,2,0.006184687,0.12646404,0.8673513,0.8673513,0.41638917
958,0,0,0.89706784,0.058652084,0.04428017,0.89706784,0.40181893
961,2,2,0.017316753,0.09426734,0.8884159,0.8884159,0.39797503
963,2,2,0.008359237,0.2114816,0.7801592,0.7801592,0.56223553
967,0,0,0.8798505,0.06347698,0.056672554,0.8798505,0.4503113
968,0,0,0.5726508,0.14778553,0.27956367,0.5726508,0.95811677
970,2,2,0.016646098,0.459404,0.5239499,0.5239499,0.7641713
971,0,2,0.108473755,0.18451124,0.70701504,0.70701504,0.7979038
974,2,2,0.0061826822,0.24595098,0.74786633,0.74786633,0.59370005
979,2,0,0.43794432,0.3332289,0.22882682,0.43794432,1.0652599
981,0,0,0.78778523,0.0643877,0.14782718,0.78778523,0.64711785
982,2,2,0.0073429947,0.060458858,0.93219817,0.93219817,0.27116802
991,2,2,0.0095160315,0.037273444,0.9532105,0.9532105,0.21258247
992,2,2,0.0038007624,0.03459417,0.96160513,0.96160513,0.17520535
997,0,0,0.8688033,0.09256362,0.038633082,0.8688033,0.46817395
1000,2,2,0.0025819286,0.05237437,0.94504374,0.94504374,0.22327371
1001,0,0,0.88458395,0.057881672,0.05753439,0.88458395,0.437691
1003,1,2,0.006986812,0.10947009,0.88354313,0.88354313,0.38623592
1004,0,0,0.7741129,0.06272593,0.16316123,0.7741129,0.6677028
1005,0,0,0.8278515,0.13473581,0.037412718,0.8278515,0.54939735
1011,2,2,0.004791579,0.046031546,0.9491769,0.9491769,0.2168053
1014,0,0,0.80313694,0.105875395,0.09098773,0.80313694,0.6319145
1020,2,2,0.0119771585,0.04142212,0.9466008,0.9466008,0.23682892
1026,0,0,0.8600619,0.08425817,0.055679988,0.8600619,0.4989102
1028,2,2,0.0043829395,0.0786667,0.9169504,0.9169504,0.30331373
1030,2,2,0.0106866285,0.06726189,0.92205155,0.92205155,0.3048831
1032,1,2,0.023142453,0.12942751,0.8474301,0.8474301,0.49207783
1033,0,2,0.013693899,0.055816807,0.9304893,0.9304893,0.2868641
1036,1,0,0.82279503,0.12193105,0.055273958,0.82279503,0.5771073
1037,2,2,0.008054745,0.07163123,0.9203141,0.9203141,0.30409503
1042,2,2,0.043842986,0.049813055,0.906344,0.906344,0.37564296
1043,2,2,0.010768612,0.11342871,0.8758027,0.8758027,0.4118247
1046,2,2,0.0029325082,0.028023085,0.96904445,0.96904445,0.14774837
1048,2,2,0.009546409,0.17712253,0.813331,0.813331,0.5190379
1049,1,2,0.0048278808,0.15250047,0.8426717,0.8426717,0.45678598
1050,1,2,0.009871898,0.3371587,0.65296936,0.65296936,0.69046044
1052,2,2,0.009932932,0.08401242,0.9060546,0.9060546,0.34327832
1073,2,0,0.75755566,0.150816,0.09162833,0.75755566,0.71463245
1076,2,2,0.0024312404,0.042803273,0.95476556,0.95476556,0.1937092
1079,2,2,0.18366513,0.1520027,0.6643322,0.6643322,0.8692918
1083,0,2,0.07357152,0.17000659,0.75642186,0.75642186,0.7043821
1085,0,0,0.88844013,0.042050004,0.06950991,0.88844013,0.4236772
1086,2,2,0.004397292,0.30624112,0.68936163,0.68936163,0.6426986
1089,0,0,0.79431677,0.07846212,0.12722117,0.79431677,0.64491487
1091,2,2,0.0035911377,0.057112835,0.9392961,0.9392961,0.2425369
1093,2,2,0.027263904,0.028069029,0.9446671,0.9446671,0.2522759
1095,2,2,0.0034126982,0.04820424,0.9483831,0.9483831,0.21581632
1096,2,2,0.0021792015,0.04394652,0.95387435,0.95387435,0.1957243
1097,2,2,0.00330425,0.053777173,0.94291866,0.94291866,0.23148158
1100,2,1,0.094877526,0.78259975,0.12252276,0.78259975,0.67252576
1116,2,2,0.0034205096,0.07029379,0.92628574,0.92628574,0.27698463
1126,2,2,0.03496107,0.1872994,0.7777395,0.7777395,0.62647337
1128,2,2,0.008568892,0.06978228,0.92164886,0.92164886,0.30176947
1137,2,2,0.0151631795,0.04434612,0.9404907,0.9404907,0.25938976
1139,2,1,0.1048488,0.61938494,0.27576625,0.61938494,0.8884043
1143,1,1,0.16907313,0.73563415,0.0952927,0.73563415,0.750385
1146,0,0,0.7449621,0.15251718,0.10252078,0.7449621,0.73964894
1147,0,0,0.9058096,0.05693755,0.03725291,0.9058096,0.3753429
1152,2,2,0.026832363,0.063092984,0.9100747,0.9100747,0.35717356
1154,2,0,0.8992651,0.051328983,0.049405936,0.8992651,0.3965005
1155,2,0,0.46267825,0.40375808,0.13356362,0.46267825,0.99166834
1156,0,2,0.037422754,0.34181103,0.6207663,0.6207663,0.7858665
1157,0,0,0.89005715,0.06446925,0.045473628,0.89005715,0.42095318
1158,2,0,0.648889,0.24290498,0.10820605,0.648889,0.86499125
1159,2,2,0.06617878,0.091545925,0.8422753,0.8422753,0.5431552
1163,2,2,0.011876579,0.064009644,0.9241138,0.9241138,0.30152687
1166,2,1,0.31160727,0.5362664,0.15212636,0.5362664,0.9839589
1168,1,2,0.002720295,0.06726142,0.9300183,0.9300183,0.2650925
1174,2,2,0.018997055,0.24642545,0.7345776,0.7345776,0.64704895
1175,0,0,0.5790038,0.105151035,0.3158452,0.5790038,0.9172448
1178,2,2,0.0059665516,0.063049465,0.930984,0.930984,0.2713942
1179,1,0,0.8304894,0.11028325,0.059227377,0.8304894,0.5647956
1180,2,2,0.01752248,0.06649169,0.9159858,0.9159858,0.33148503
1182,2,2,0.010270036,0.049013972,0.940716,0.940716,0.25232145
1184,2,2,0.0051584984,0.03629636,0.9585452,0.9585452,0.1881139
1186,2,0,0.6130705,0.27023867,0.11669092,0.6130705,0.9042325
1187,2,2,0.01503436,0.071553126,0.9134125,0.9134125,0.33453926
1192,0,0,0.90782297,0.053434446,0.03874258,0.90782297,0.37026232
1208,2,1,0.014207952,0.8189342,0.16685787,0.8189342,0.52280116
1212,1,1,0.019860512,0.8535004,0.12663904,0.8535004,0.47472486
1214,1,1,0.03541223,0.9237085,0.040879242,0.9237085,0.32230228
1217,2,2,0.0037067095,0.050953995,0.9453394,0.9453394,0.22556895
1219,2,1,0.021850836,0.50312895,0.47502023,0.50312895,0.7827548
1221,2,2,0.019449376,0.11353554,0.8670151,0.8670151,0.44736385
1222,2,2,0.0047618225,0.06072449,0.9345137,0.9345137,0.25886983
1223,2,2,0.0019262022,0.0469694,0.95110434,0.95110434,0.20336789
1224,1,2,0.004479012,0.21168768,0.7838334,0.7838334,0.54380906
1234,2,2,0.006440969,0.07460382,0.91895527,0.91895527,0.30380225
1235,0,1,0.1423031,0.74163145,0.11606548,0.74163145,0.7490965
1239,2,2,0.0014952853,0.033856418,0.96464837,0.96464837,0.15907195
1240,2,2,0.012772882,0.1074824,0.87974477,0.87974477,0.40814298
1241,2,2,0.0036955255,0.039623227,0.95668125,0.95668125,0.19098116
1242,0,0,0.8166616,0.08339996,0.09993849,0.8166616,0.6027517
1243,1,0,0.80749696,0.107124284,0.08537881,0.80749696,0.6220343
1244,0,0,0.87743485,0.089953445,0.0326117,0.87743485,0.443009
1245,0,0,0.8530578,0.11043249,0.03650971,0.8530578,0.49974984
1258,0,0,0.81901276,0.090873905,0.09011334,0.81901276,0.5983364
1259,2,2,0.0071489313,0.08169435,0.9111568,0.9111568,0.32472128
1260,0,0,0.57334465,0.12821595,0.29843938,0.57334465,0.94316345
1262,0,0,0.93301785,0.038061067,0.028921051,0.93301785,0.29156464
1265,2,2,0.016785566,0.08257573,0.9006387,0.9006387,0.36880654
1267,2,2,0.14413676,0.21994132,0.63592196,0.63592196,0.90013856
1268,0,0,0.8462399,0.1138171,0.039942972,0.8462399,0.5172533
1274,2,2,0.0026375903,0.05160141,0.9457611,0.9457611,0.22135958
1275,0,2,0.22650576,0.043168616,0.73032564,0.73032564,0.7015367
1279,2,2,0.0033956883,0.061665654,0.93493867,0.93493867,0.25400499
1280,2,2,0.007044153,0.058594465,0.93436134,0.93436134,0.26458263
1281,2,1,0.024420708,0.92856675,0.04701256,0.92856675,0.30320984
1294,0,0,0.7007483,0.14942414,0.14982755,0.7007483,0.81765413
1300,2,2,0.072132185,0.06953082,0.858337,0.858337,0.50614035
1304,2,2,0.3359535,0.26231375,0.40173274,0.40173274,1.0838516
1306,2,2,0.39139232,0.20798618,0.4006215,0.4006215,1.0602046
1318,2,2,0.007858722,0.16530986,0.82683146,0.82683146,0.4928568
1326,0,0,0.83153415,0.12679976,0.04166618,0.83153415,0.54768175
1329,2,2,0.0061134333,0.106946886,0.88693964,0.88693964,0.37664688
1332,0,0,0.8321295,0.073905244,0.09396532,0.8321295,0.56765115
1335,0,0,0.5335091,0.4107352,0.055755805,0.5335091,0.8616219
1348,2,2,0.013287865,0.11855879,0.86815333,0.86815333,0.4329695
1349,2,2,0.0044846144,0.06357338,0.93194205,0.93194205,0.2651167
1350,2,2,0.0055103474,0.04357972,0.9509099,0.9509099,0.21306735
1352,2,2,0.075383134,0.052514862,0.872102,0.872102,0.4689679
1353,0,2,0.03765481,0.06708201,0.8952632,0.8952632,0.40377575
1354,0,1,0.09908904,0.8452708,0.05564015,0.8452708,0.5318923
1357,1,1,0.06682496,0.62359494,0.30958015,0.62359494,0.8382968
1359,2,2,0.03697823,0.14109564,0.8219261,0.8219261,0.55942667
1361,1,1,0.115864694,0.56911147,0.31502384,0.56911147,0.93440926
1365,2,2,0.014159803,0.13830721,0.847533,0.847533,0.4740969
1366,2,2,0.0101550445,0.089902,0.899943,0.899943,0.358062
1367,2,2,0.0061839875,0.46591,0.52790606,0.52790606,0.72454107
1371,0,2,0.01958526,0.08911754,0.8912972,0.8912972,0.39506477
1383,2,2,0.0024424442,0.044112757,0.95344484,0.95344484,0.19782116
1387,0,0,0.5714325,0.36966452,0.058903016,0.5714325,0.8544591
1389,2,0,0.3927587,0.25483477,0.3524066,0.3927587,1.0830007
1393,2,2,0.01356853,0.1483898,0.8380417,0.8380417,0.48953092
1399,0,2,0.1317159,0.084040955,0.78424317,0.78424317,0.6657251
1400,2,1,0.0171299,0.7019623,0.28090784,0.7019623,0.6747501
1402,0,0,0.8546815,0.09169294,0.053625584,0.8546815,0.51018435
1407,2,0,0.7300123,0.23314375,0.03684397,0.7300123,0.69083536
1409,2,2,0.0055311252,0.09202091,0.90244794,0.90244794,0.34091628
1410,2,1,0.07137159,0.5533095,0.37531894,0.5533095,0.8836849
1411,1,1,0.17359473,0.67312527,0.15328003,0.67312527,0.8578839
1423,0,0,0.7677118,0.16346602,0.06882209,0.7677118,0.6831829
1431,2,1,0.07854971,0.87481534,0.04663494,0.87481534,0.45978725
1439,0,0,0.91176975,0.040787876,0.047442425,0.91176975,0.3593295
1446,2,0,0.5630887,0.0762105,0.36070076,0.5630887,0.8873863
1447,2,0,0.63134575,0.07143881,0.29721546,0.63134575,0.8394887
1454,2,2,0.018305425,0.16713485,0.81455976,0.81455976,0.5393008
1455,2,2,0.11829659,0.16412881,0.7175746,0.7175746,0.7872565
1456,2,2,0.03867451,0.42458522,0.53674024,0.53674024,0.8234913
1459,0,0,0.59383094,0.11971447,0.28645462,0.59383094,0.9217111
1461,2,2,0.17121567,0.38574654,0.44303778,0.44303778,1.0302963
1462,0,0,0.5247019,0.38538527,0.08991285,0.5247019,0.92245513
1465,2,2,0.015566233,0.20498021,0.7794535,0.7794535,0.5838684
1466,2,2,0.0049035177,0.059867438,0.935229,0.935229,0.25726658
1467,2,2,0.003070092,0.088837184,0.90809274,0.90809274,0.32038218
1468,0,0,0.7831649,0.088516906,0.12831819,0.7831649,0.6694979
1470,0,0,0.91978633,0.051092196,0.029121501,0.91978633,0.33184314
1472,0,1,0.033560958,0.8910575,0.0753816,0.8910575,0.41157517
1479,0,0,0.6854298,0.063980676,0.25058952,0.6854298,0.78158784
1480,0,0,0.5039531,0.4195425,0.07650442,0.5039531,0.90640306
1481,0,2,0.4426635,0.076283924,0.4810526,0.4810526,0.90907145
1482,0,0,0.77211887,0.18083902,0.047042113,0.77211887,0.6527386
1483,0,0,0.91186386,0.040860515,0.047275666,0.91186386,0.3590619
1486,2,2,0.012225287,0.09457378,0.89320093,0.89320093,0.3777651
1490,2,2,0.0028892988,0.09441051,0.9027002,0.9027002,0.33211622
1491,2,2,0.0069103558,0.057581227,0.93550843,0.93550843,0.26111194
1502,2,2,0.0063805287,0.06689971,0.9267197,0.9267197,0.2837119
1503,2,2,0.012364581,0.105039984,0.8825954,0.8825954,0.4012411
1504,2,2,0.0059068194,0.38834882,0.60574436,0.60574436,0.7012899
1506,2,2,0.3715912,0.16886212,0.4595467,0.4595467,1.0255156
1507,2,2,0.010630716,0.08137088,0.90799844,0.90799844,0.34007758
1508,2,1,0.03722856,0.68599564,0.27677584,0.68599564,0.73657966
1509,2,2,0.021954332,0.03388114,0.9441645,0.9441645,0.25277
1512,0,0,0.6551329,0.29045764,0.054409515,0.6551329,0.79455686
1516,2,2,0.028170582,0.04646788,0.9253615,0.9253615,0.31494492
1517,2,2,0.0069414186,0.062429693,0.9306289,0.9306289,0.27457
1518,2,2,0.024046825,0.25921533,0.71673787,0.71673787,0.6783123
1521,2,2,0.013429809,0.120837495,0.8657327,0.8657327,0.43807364
1522,2,2,0.010836685,0.09502426,0.8941392,0.8941392,0.37273398
1525,0,0,0.9372914,0.03960295,0.023105655,0.9372914,0.27562672
1527,2,2,0.34768054,0.09970385,0.5526156,0.5526156,0.92493904
1530,2,2,0.005257343,0.057692517,0.93705016,0.93705016,0.25309205
1532,2,2,0.004244073,0.032492973,0.96326303,0.96326303,0.17058055
1535,2,1,0.036243845,0.60500604,0.3587501,0.60500604,0.7920294
1536,0,0,0.9380071,0.0366016,0.025391305,0.9380071,0.2743672
1539,0,0,0.4462424,0.111026935,0.4427307,0.4462424,0.9648392
1540,2,2,0.0034366858,0.071263686,0.9252997,0.9252997,0.27956885
1543,2,2,0.045916155,0.16617174,0.78791213,0.78791213,0.6275124
1545,2,0,0.9165059,0.043981455,0.039512653,0.9165059,0.3449754
1546,0,1,0.118755884,0.8525949,0.028649218,0.8525949,0.4907754
1547,2,2,0.0074420134,0.0492701,0.94328797,0.94328797,0.23986763
1551,0,0,0.53684604,0.4076882,0.055465773,0.53684604,0.86014754
1552,2,2,0.007962906,0.052877728,0.93915933,0.93915933,0.2528841
1553,2,2,0.018830528,0.20840047,0.772769,0.772769,0.60083383
1557,2,0,0.5792295,0.09259418,0.32817638,0.5792295,0.90227807
1558,0,2,0.34061095,0.09861106,0.560778,0.560778,0.9196534
1561,2,2,0.00581668,0.10544875,0.8887346,0.8887346,0.3719809
1564,2,2,0.0085379705,0.0752922,0.9161699,0.9161699,0.31561634
1568,0,0,0.7870257,0.073412776,0.13956158,0.7870257,0.65504885
1571,0,0,0.65462,0.051553242,0.2938268,0.65462,0.790094
1575,0,0,0.87724423,0.05804706,0.064708725,0.87724423,0.45728695
1576,0,0,0.67921233,0.20505692,0.11573081,0.67921233,0.83721215
1579,0,0,0.7403182,0.19600245,0.063679345,0.7403182,0.7173727
1580,0,1,0.07778853,0.8568558,0.06535569,0.8568558,0.5093097
1581,0,1,0.32746837,0.44703043,0.22550124,0.44703043,1.061359
1582,2,2,0.46739772,0.027113667,0.50548863,0.50548863,0.79816866
1584,2,2,0.0038192165,0.035944425,0.9602364,0.9602364,0.17976995
1585,0,0,0.4074315,0.22460967,0.36795884,0.4074315,1.0691352
1586,0,0,0.9505701,0.022607023,0.026822837,0.9505701,0.23091528
1587,0,0,0.85941476,0.111139126,0.029446196,0.85941476,0.47817752
1594,0,0,0.72519875,0.15756886,0.117232375,0.72519875,0.77548265
1595,0,0,0.49670154,0.4363741,0.06692438,0.49670154,0.89041674
1596,2,2,0.04924878,0.12356052,0.8271907,0.8271907,0.5635843
1597,2,2,0.07709486,0.10591987,0.8169853,0.8169853,0.60051084
1598,0,0,0.8430727,0.11940192,0.037525322,0.8430727,0.52086025
1599,2,2,0.022180356,0.05432721,0.92349243,0.92349243,0.31621867
1600,2,0,0.7441689,0.082217075,0.17361403,0.7441689,0.7292874
1601,2,2,0.0021065788,0.05773258,0.9401609,0.9401609,0.23564363
1604,0,0,0.8812647,0.053301096,0.06543423,0.8812647,0.4460777
1605,0,0,0.77394867,0.14318694,0.08286441,0.77394867,0.6830008
1609,2,2,0.005468255,0.14924103,0.8452907,0.8452907,0.45444018
1611,2,2,0.16354202,0.21805105,0.61840695,0.61840695,0.9254322
1612,1,2,0.055921376,0.287721,0.65635765,0.65635765,0.79605806
1616,0,0,0.8319095,0.123337716,0.044752844,0.8319095,0.5502516
1621,0,0,0.45455444,0.21419708,0.33124846,0.45455444,1.0544271
1633,2,2,0.0041771415,0.06513978,0.9306831,0.9306831,0.26765096
1634,2,2,0.0040758,0.04502049,0.95090365,0.95090365,0.20989096
1636,2,2,0.01098613,0.075296074,0.91371787,0.91371787,0.32674795
1638,0,2,0.07602719,0.07544008,0.8485328,0.8485328,0.53023374
1645,2,2,0.30659667,0.17452306,0.5188803,0.5188803,1.0075581
1650,0,0,0.86977285,0.09399494,0.036232233,0.86977285,0.46381742
1652,2,2,0.0051623206,0.052113745,0.942724,0.942724,0.23675121
1657,2,2,0.0032256201,0.03468148,0.96209294,0.96209294,0.17226703
1660,2,2,0.010077566,0.16195431,0.8279682,0.8279682,0.4974636
1662,0,0,0.8023353,0.08201343,0.115651324,0.8023353,0.6312825
1663,0,0,0.9198448,0.03903353,0.041121647,0.9198448,0.33468035
1664,0,0,0.84501,0.101880096,0.053109907,0.84501,0.5308938
1665,2,0,0.80991757,0.1320239,0.058058586,0.80991757,0.60331976
1672,2,2,0.0039979503,0.05847448,0.93752766,0.93752766,0.24857424
1705,2,2,0.008075574,0.050846204,0.9410783,0.9410783,0.24753444
1706,2,2,0.0029730105,0.03551786,0.9615091,0.9615091,0.17358659
1713,2,2,0.03546949,0.0712815,0.89324903,0.89324903,0.4075372
1725,0,0,0.8834052,0.06246618,0.054128654,0.8834052,0.44060403
1728,2,2,0.00928911,0.08258389,0.90812707,0.90812707,0.33693933
1732,2,2,0.0031827157,0.048125688,0.9486916,0.9486916,0.2142801
1738,2,2,0.0038473646,0.05718212,0.9389705,0.9389705,0.2441483
1753,0,2,0.39011905,0.080871575,0.52900934,0.52900934,0.90745
1758,0,0,0.83748364,0.11241332,0.05010309,0.83748364,0.54421043
1769,2,2,0.08439398,0.26779872,0.64780736,0.64780736,0.8427271
1771,2,2,0.0065949266,0.06172319,0.9316819,0.9316819,0.27095053
1774,2,2,0.0048093717,0.07178495,0.9234057,0.9234057,0.2883389
1775,2,2,0.019123396,0.07430923,0.90656734,0.90656734,0.35776177
1776,2,2,0.0047374447,0.042421937,0.9528407,0.9528407,0.20544256
1789,2,2,0.006914148,0.05525379,0.9378321,0.9378321,0.25459132
1792,0,1,0.15077879,0.77111787,0.078103416,0.77111787,0.6848309
1806,0,0,0.5919001,0.18812817,0.21997176,0.5919001,0.95778924
1807,2,1,0.16035524,0.45230404,0.38734075,0.45230404,1.0197402
1816,2,2,0.0047171116,0.14644308,0.8488398,0.8488398,0.44571394
1823,0,0,0.8899683,0.06533497,0.044696763,0.8899683,0.42090285
1825,2,2,0.024507247,0.14676614,0.82872665,0.82872665,0.52821255
1826,2,2,0.017761394,0.10405233,0.8781863,0.8781863,0.42112067
1831,2,2,0.010234924,0.055429228,0.93433595,0.93433595,0.27069253
1863,2,2,0.0091732,0.051274277,0.9395525,0.9395525,0.253932
1864,0,1,0.25362656,0.70020586,0.046167664,0.70020586,0.73947585
1874,2,2,0.17199564,0.3098327,0.51817167,0.51817167,1.0064709
1891,2,2,0.011158064,0.15237759,0.83646435,0.83646435,0.48621294
1893,2,2,0.003900251,0.038633183,0.9574666,0.9574666,0.18894795
1894,0,0,0.87396765,0.06672566,0.059306726,0.87396765,0.46591467
1903,2,2,0.009729519,0.1564626,0.8338078,0.8338078,0.48684785
1904,2,2,0.018096093,0.08981505,0.8920889,0.8920889,0.39092433
1906,2,2,0.21644804,0.2236722,0.5598797,0.5598797,0.99096763
1914,2,2,0.0741337,0.06596052,0.85990584,0.85990584,0.5020018
1915,2,2,0.007796507,0.095893696,0.89630985,0.89630985,0.36078733
1931,2,0,0.8068199,0.054147534,0.13903257,0.8068199,0.6054021
1936,2,2,0.004836191,0.044874962,0.95028883,0.95028883,0.21352564
1938,2,2,0.009853167,0.039169952,0.95097685,0.95097685,0.22022724
1939,2,2,0.0058037834,0.06667998,0.9275162,0.9275162,0.28023547
1941,2,2,0.0028916297,0.12184061,0.87526774,0.87526774,0.38999173
1948,2,2,0.0017763425,0.03223429,0.96598935,0.96598935,0.15539145
1951,2,2,0.010071329,0.065662734,0.924266,0.924266,0.29791382
1962,2,2,0.0039235004,0.05544512,0.9406314,0.9406314,0.23967691
1966,2,2,0.003101657,0.042334694,0.9545637,0.9545637,0.19617128
1968,2,2,0.009672881,0.090568356,0.89975876,0.89975876,0.35742077
1977,2,2,0.002902277,0.043689713,0.953408,0.953408,0.19922206
1986,0,0,0.67353576,0.09810978,0.2283545,0.67353576,0.831216
1989,2,1,0.022613602,0.92045027,0.05693619,0.92045027,0.3251549
2000,0,1,0.36245888,0.58465624,0.052884936,0.58465624,0.83710504
2002,0,0,0.9061661,0.060048074,0.033785913,0.9061661,0.3726357
2008,2,2,0.0073704543,0.07749336,0.91513616,0.91513616,0.31554163
2011,2,2,0.007517979,0.08663792,0.9058441,0.9058441,0.33826143
2012,2,1,0.017981594,0.9437487,0.038269743,0.9437487,0.25177383
2013,0,0,0.5103989,0.45279813,0.036802966,0.5103989,0.8235612
2014,2,2,0.013178838,0.048199695,0.93862146,0.93862146,0.26266906
2015,0,1,0.3681558,0.536016,0.09582816,0.536016,0.92687035
2016,0,1,0.22726388,0.66263914,0.11009703,0.66263914,0.8523338
2021,2,2,0.0036561312,0.07073449,0.9256094,0.9256094,0.27943122
2022,0,0,0.9133248,0.04561913,0.04105618,0.9133248,0.35473597
2023,2,2,0.008069905,0.0660567,0.92587346,0.92587346,0.2896945
2025,2,1,0.26077068,0.59958786,0.13964143,0.59958786,0.93211126
2033,2,2,0.011371572,0.057719216,0.9309092,0.9309092,0.28217822
2037,0,0,0.894495,0.06153276,0.043972265,0.894495,0.40867528
2042,2,2,0.04428947,0.45072228,0.5049883,0.5049883,0.84225106
2045,2,2,0.018744644,0.1023132,0.8789422,0.8789422,0.42120498
2072,2,2,0.0077343592,0.059289586,0.9329761,0.9329761,0.26984307
2077,2,1,0.07603241,0.8314881,0.09247953,0.8314881,0.56951845
2092,2,2,0.0029267543,0.04963814,0.94743514,0.94743514,0.21729586
2112,1,0,0.8902663,0.08797763,0.021756146,0.8902663,0.40060407
2113,0,0,0.90580446,0.06082002,0.033375576,0.90580446,0.37337363
2132,0,0,0.92391545,0.04565793,0.030426642,0.92391545,0.32030368
2138,2,2,0.003410441,0.025822155,0.97076744,0.97076744,0.14259478
2153,2,2,0.16410254,0.3351102,0.5007873,0.5007873,1.0092825
2168,2,2,0.0023215069,0.037353538,0.960325,0.960325,0.17575184
2183,2,2,0.004713768,0.032724377,0.96256185,0.96256185,0.17388678
2184,0,0,0.90323436,0.018960211,0.07780546,0.90323436,0.36578977
2185,2,2,0.023573725,0.101634495,0.8747918,0.8747918,0.43774006
2186,0,0,0.85156465,0.09493961,0.053495783,0.85156465,0.5170098
2188,0,2,0.01629204,0.12610143,0.8576066,0.8576066,0.4599267
2197,2,2,0.006715106,0.08403793,0.909247,0.909247,0.32822162
2202,0,1,0.40314084,0.5616331,0.035226077,0.5616331,0.8081162
2206,2,0,0.8145159,0.088759504,0.09672458,0.8145159,0.6080049
2212,0,0,0.82539845,0.09307639,0.08152519,0.82539845,0.5837503
2213,0,0,0.8674706,0.056644678,0.07588468,0.8674706,0.48162764
2215,0,0,0.5687973,0.38363087,0.0475719,0.5687973,0.83336097
2221,0,0,0.9282579,0.038251266,0.033490907,0.9282579,0.30769205
2230,2,2,0.18295254,0.118052945,0.6989945,0.6989945,0.81330323
2233,2,0,0.6674517,0.13113123,0.20141715,0.6674517,0.8589897
2243,0,0,0.9302517,0.032992266,0.036755964,0.9302517,0.30123144
2245,2,2,0.006401014,0.048349947,0.9452491,0.9452491,0.23202342
2250,2,2,0.008848802,0.122313745,0.8688374,0.8688374,0.42099184
2256,0,2,0.015806653,0.17633982,0.8078535,0.8078535,0.54394066
2272,2,2,0.0032597554,0.05925172,0.93748856,0.93748856,0.24662428
2274,2,2,0.026244383,0.14267133,0.8310843,0.8310843,0.5271194
2275,2,2,0.004832745,0.060448334,0.93471885,0.93471885,0.25848824
2276,2,2,0.3344474,0.16207807,0.50347453,0.50347453,1.0067372
2278,2,0,0.6533721,0.12696815,0.21965976,0.6533721,0.87305295
2279,2,2,0.0060310215,0.07888118,0.9150879,0.9150879,0.31236747
2281,2,2,0.010799243,0.06897554,0.92022526,0.92022526,0.30984738
2283,2,2,0.02882889,0.07090424,0.9002669,0.9002669,0.38446653
2284,2,2,0.07302785,0.195291,0.7316812,0.7316812,0.73865426
2292,2,1,0.27688798,0.48015058,0.24296144,0.48015058,1.0515833
2295,2,2,0.0056356345,0.0638659,0.93049854,0.93049854,0.27190638
2303,2,2,0.07118477,0.10234837,0.8264669,0.8264669,0.57891494
2308,2,2,0.008948257,0.06427275,0.92677903,0.92677903,0.28907925
2313,2,2,0.0054812822,0.074334994,0.9201838,0.9201838,0.29828998
2314,2,2,0.0034215588,0.059152804,0.93742555,0.93742555,0.24726327
2315,2,2,0.0022761954,0.04470642,0.9530174,0.9530174,0.19864379
2317,0,0,0.70489806,0.23724239,0.057859533,0.70489806,0.75270295
2329,0,0,0.8259288,0.09481372,0.079257466,0.8259288,0.58224416
2331,2,2,0.027395708,0.23778437,0.73481995,0.73481995,0.6665237
2333,2,2,0.010628235,0.06880615,0.9205656,0.9205656,0.30864677
2335,0,0,0.88667905,0.073220596,0.040100396,0.88667905,0.42703956
2340,2,2,0.014004925,0.05451739,0.93147767,0.93147767,0.28450093
2341,2,2,0.0105213085,0.066987,0.92249167,0.92249167,0.3034246
2345,2,2,0.030793145,0.14784752,0.8213593,0.8213593,0.551435
2347,2,2,0.08644565,0.0688808,0.8446736,0.8446736,0.5385069
2350,2,2,0.056198977,0.06486766,0.87893337,0.87893337,0.4526512
2351,2,2,0.004160741,0.066323146,0.92951614,0.92951614,0.27069786
2356,2,2,0.013204303,0.33908787,0.6477078,0.6477078,0.70516956
2361,2,2,0.0070424606,0.049850356,0.9431072,0.9431072,0.23963158
2362,2,2,0.0057198703,0.07375774,0.9205224,0.9205224,0.29805258
2365,0,0,0.49320334,0.29122508,0.21557163,0.49320334,1.0386716
2366,0,0,0.51322925,0.12459261,0.3621782,0.51322925,0.9696655
2367,0,2,0.24880435,0.06135698,0.68983865,0.68983865,0.7734944
2368,0,2,0.07470577,0.064154476,0.86113966,0.86113966,0.49873853
2369,0,1,0.29365504,0.6642131,0.04213192,0.6642131,0.76502407
2381,0,0,0.9025792,0.061970063,0.035450757,0.9025792,0.38325024
2383,0,0,0.90410924,0.0472109,0.04867995,0.90410924,0.3824144
2385,0,0,0.9005716,0.07218552,0.027242957,0.9005716,0.38220897
2390,0,0,0.76424587,0.16828504,0.06746911,0.76424587,0.6872822
2396,2,2,0.00863092,0.06356313,0.9278059,0.9278059,0.28570294
2399,2,2,0.0053749303,0.06832731,0.9262978,0.9262978,0.28235894
2400,2,2,0.005503852,0.048823323,0.94567287,0.94567287,0.22888099
2415,2,2,0.010302626,0.07229712,0.9174003,0.9174003,0.31615096
2418,2,2,0.005708731,0.066257596,0.9280337,0.9280337,0.2786389
2422,0,0,0.92559206,0.03259437,0.04181355,0.92559206,0.3158975
2423,0,0,0.8257433,0.06855255,0.10570412,0.8257433,0.5793665
2426,0,0,0.8548664,0.09153236,0.053601313,0.8548664,0.5097585
2429,0,0,0.8992046,0.04128093,0.05951444,0.8992046,0.3950348
2431,0,0,0.87518346,0.072603226,0.052213423,0.87518346,0.46125653
2435,0,0,0.9250609,0.037818868,0.037120227,0.9250609,0.31817195
2436,2,2,0.007914484,0.053944435,0.93814105,0.93814105,0.25571063
2440,2,2,0.009107363,0.09495937,0.89593333,0.89593333,0.3648094
2441,2,2,0.073043495,0.09994695,0.82700956,0.82700956,0.5784037
2442,2,0,0.7880649,0.082904965,0.1290302,0.7880649,0.65835184
2453,2,2,0.014021715,0.052766033,0.9332124,0.9332124,0.2795704
2454,2,0,0.6469124,0.07439122,0.27869636,0.6469124,0.83113
2455,2,2,0.0022077337,0.04548595,0.95230633,0.95230633,0.20060742
2460,0,1,0.1698661,0.75462484,0.07550909,0.75462484,0.7086601
2464,2,2,0.002512725,0.03956724,0.95792013,0.95792013,0.18401639
2469,2,2,0.08788926,0.2919868,0.620124,0.620124,0.86948514
2470,2,2,0.0052336873,0.07134985,0.9234165,0.9234165,0.2894388
2479,2,2,0.23323168,0.103697315,0.663071,0.663071,0.8469659
2485,2,2,0.006208695,0.031576175,0.9622151,0.9622151,0.17772004
2489,0,0,0.8327923,0.09304645,0.074161336,0.8327923,0.5662618
2497,2,2,0.008862883,0.058364686,0.9327725,0.9327725,0.2726169
2500,2,2,0.004511004,0.037340835,0.9581482,0.9581482,0.1880928
2508,2,2,0.005608584,0.051894013,0.9424974,0.9424974,0.23841971
2509,2,2,0.0024781476,0.03437597,0.963146,0.963146,0.1668966
2513,2,2,0.004836191,0.044874962,0.95028883,0.95028883,0.21352564
2519,2,2,0.039231542,0.074676216,0.88609225,0.88609225,0.4279558
2520,0,0,0.78087085,0.18089502,0.038234144,0.78087085,0.6272434
2521,2,2,0.0039500603,0.042553607,0.95349634,0.95349634,0.20160627
2522,2,2,0.009167912,0.0495089,0.9413232,0.9413232,0.24874096
2528,2,2,0.0026562242,0.04578849,0.9515554,0.9515554,0.20420443
2544,2,2,0.0036696736,0.05722027,0.93911004,0.93911004,0.24327403
2545,2,2,0.0040510525,0.049523525,0.94642544,0.94642544,0.22326288
2546,2,2,0.0034417869,0.044208705,0.9523496,0.9523496,0.20389724
2548,0,0,0.6746314,0.25890192,0.06646672,0.6746314,0.79557794
2551,2,2,0.0054074735,0.06434702,0.9302456,0.9302456,0.27202362
2557,2,2,0.0036643466,0.104121335,0.89221436,0.89221436,0.35785285
2585,2,2,0.0053912546,0.043921676,0.95068705,0.95068705,0.21350546
2593,2,2,0.0062255673,0.07198383,0.92179066,0.92179066,0.29610026
2601,2,2,0.011413944,0.09970786,0.8888782,0.8888782,0.38563663
2603,2,2,0.004165611,0.05047625,0.94535816,0.94535816,0.22668709
2607,0,0,0.8433264,0.11121762,0.04545602,0.8433264,0.52847236
2609,2,0,0.85653657,0.11075404,0.032709394,0.85653657,0.4882189
2614,2,2,0.05722047,0.1847789,0.7580006,0.7580006,0.6857357
2615,2,2,0.061507776,0.081438236,0.85705405,0.85705405,0.50796413
2616,2,2,0.012188568,0.07808468,0.90972674,0.90972674,0.33890122
2619,2,2,0.30874136,0.087308764,0.6039499,0.6039499,0.8802842
2622,2,2,0.0034895295,0.066299774,0.9302107,0.9302107,0.26694798
2623,2,2,0.012044531,0.046630505,0.94132495,0.94132495,0.25309134
2624,2,2,0.0143545,0.076440945,0.9092046,0.9092046,0.3440066
2637,0,0,0.8604704,0.08470823,0.054821372,0.8604704,0.4975974
2638,0,0,0.91733724,0.04488906,0.037773814,0.91733724,0.34221616
2642,0,0,0.9638373,0.018606,0.017556665,0.9638373,0.1806018
2643,2,2,0.014894181,0.27385628,0.71124953,0.71124953,0.6596875
2646,0,0,0.87109005,0.080927715,0.047982212,0.87109005,0.4694058
2648,2,2,0.0019513735,0.030547146,0.9675015,0.9675015,0.15070286
2649,2,2,0.0073847133,0.052288033,0.9403273,0.9403273,0.24840385
2652,0,0,0.877811,0.07538535,0.04680367,0.877811,0.45258483
2654,2,1,0.17614545,0.5760844,0.24777019,0.5760844,0.96928036
2655,2,2,0.0045721414,0.070276976,0.92515093,0.92515093,0.28321612
2662,2,1,0.058500025,0.47813782,0.46336216,0.47813782,0.8753023
2668,0,0,0.81516165,0.14632152,0.038516846,0.81516165,0.5732524
2671,0,0,0.8135081,0.1530023,0.0334896,0.8135081,0.5688873
2672,2,2,0.00539722,0.05957975,0.93502307,0.93502307,0.25904334
2673,2,2,0.017622724,0.06936138,0.9130159,0.9130159,0.33934245
2675,0,0,0.8855946,0.07423041,0.040174987,0.8855946,0.42978132
2683,0,2,0.12858817,0.080911,0.7905008,0.7905008,0.65303314
2685,0,0,0.88889676,0.071931295,0.039172,0.88889676,0.4209246
2686,0,0,0.915521,0.046626646,0.037852384,0.915521,0.34767455
2687,0,0,0.78279126,0.1556955,0.061513286,0.78279126,0.6527978
2689,2,2,0.0063190246,0.062099926,0.931581,0.931581,0.2706002
2690,2,2,0.0019021273,0.052795365,0.9453025,0.9453025,0.22037867
2702,2,2,0.0023781364,0.057502184,0.9401196,0.9401196,0.23664035
2706,2,2,0.0031585135,0.059964165,0.93687725,0.93687725,0.24801251
2707,0,0,0.7916247,0.13466224,0.07371304,0.7916247,0.64718544
2708,2,2,0.042392366,0.14817382,0.8094338,0.8094338,0.5880425
2712,0,0,0.81833225,0.12969224,0.051975567,0.81833225,0.5826639
2725,0,0,0.9070826,0.047687642,0.045229774,0.9070826,0.3736091
2742,0,0,0.7282062,0.07805749,0.19373637,0.7282062,0.74800783
2743,2,2,0.0061844867,0.046968885,0.94684666,0.94684666,0.22681102
2745,2,2,0.004055923,0.06423423,0.9317098,0.9317098,0.26457876
2746,0,0,0.90588033,0.043693908,0.050425775,0.90588033,0.37696484
2750,2,2,0.0093542505,0.091885984,0.8987597,0.8987597,0.35898644
2755,2,2,0.0050661727,0.049349315,0.94558454,0.94558454,0.22816668
2759,2,2,0.0070405705,0.06994934,0.9230102,0.9230102,0.29490462
2770,0,0,0.8614976,0.06265132,0.07585111,0.8614976,0.49760824
2771,0,0,0.9084508,0.06709255,0.024456654,0.9084508,0.35924232
2784,2,2,0.008169207,0.046037678,0.94579315,0.94579315,0.23370044
2785,2,2,0.008328921,0.04983033,0.94184077,0.94184077,0.24576098
2786,0,0,0.772154,0.10369054,0.1241555,0.772154,0.69367105
2793,0,0,0.9089504,0.055613875,0.03543575,0.9089504,0.36581576
2795,2,2,0.009526884,0.05685985,0.9336133,0.9336133,0.27149394
2796,2,2,0.004292216,0.057295483,0.9384123,0.9384123,0.24688601
2809,2,2,0.005807179,0.052170746,0.9420221,0.9420221,0.24023533
2810,0,1,0.3372468,0.57417697,0.08857625,0.57417697,0.8998298
2811,2,2,0.003044582,0.027329048,0.96962637,0.96962637,0.14592835
2812,2,2,0.0049298145,0.04653411,0.9485361,0.9485361,0.21905236
2813,0,0,0.849977,0.06304809,0.08697495,0.849977,0.52482086
2814,0,0,0.87028164,0.07722428,0.05249409,0.87028164,0.47339308
2815,2,0,0.5280402,0.43633237,0.035627443,0.5280402,0.8178748
2816,2,2,0.0034280762,0.050752126,0.9458198,0.9458198,0.22342417
2820,2,2,0.029720915,0.04188403,0.9283951,0.9283951,0.30636546
2831,0,0,0.85177636,0.067350335,0.08087332,0.85177636,0.52173847
2834,2,2,0.10541463,0.08171498,0.81287044,0.81287044,0.6102375
2838,2,2,0.0054813586,0.08082525,0.91369337,0.91369337,0.3143215
2843,2,2,0.105784856,0.15494554,0.7392696,0.7392696,0.74988157
2848,2,2,0.010026741,0.08391803,0.9060553,0.9060553,0.34347665
2857,2,2,0.024036402,0.101072766,0.8748908,0.8748908,0.43819687
2859,2,2,0.03458652,0.09159687,0.8738166,0.8738166,0.453173
2860,0,0,0.8947579,0.06865709,0.036585014,0.8947579,0.40443343
2882,0,0,0.8423665,0.10484491,0.05278859,0.8423665,0.536229
2919,0,0,0.6535803,0.30563614,0.040783517,0.6535803,0.7707359
2920,0,0,0.751775,0.1958081,0.052416828,0.751775,0.6883362
2922,2,2,0.06504215,0.089450315,0.84550756,0.84550756,0.535573
2934,2,0,0.88739556,0.055800512,0.056803934,0.88739556,0.42997313
2957,2,2,0.0058743306,0.047511544,0.94661415,0.94661415,0.22686952
2959,2,2,0.011595382,0.12019004,0.8682146,0.8682146,0.42901963
2960,2,2,0.0060403896,0.056546807,0.9374128,0.9374128,0.25388977
2963,2,2,0.006233115,0.063565575,0.93020135,0.93020135,0.27412158
2970,2,2,0.0043702526,0.061803114,0.9338266,0.9338266,0.25972486
2985,2,2,0.0057188747,0.042458143,0.951823,0.951823,0.2106649
3006,0,0,0.64086586,0.1141797,0.24495447,0.64086586,0.8774849
3017,2,2,0.0072800894,0.06556354,0.9271564,0.9271564,0.284604
3018,2,2,0.007860426,0.1019344,0.8902052,0.8902052,0.37438437
3019,0,0,0.45508462,0.092459574,0.45245585,0.45508462,0.93724704
3024,2,2,0.003238683,0.030993134,0.9657682,0.9657682,0.15987493
3026,2,2,0.005930475,0.038921703,0.95514786,0.95514786,0.20058805
3033,0,0,0.87584794,0.06973783,0.054414332,0.87584794,0.46022463
3037,2,2,0.007688497,0.083222926,0.9090886,0.9090886,0.33098707
3045,2,2,0.006032674,0.064967446,0.9289999,0.9289999,0.2768606
3048,0,0,0.9143202,0.04166187,0.044017993,0.9143202,0.35178334
3063,2,2,0.3937528,0.14259572,0.46365154,0.46365154,1.0011027
3067,0,0,0.91730964,0.05487274,0.027817698,0.91730964,0.3380997
3073,2,2,0.0077287597,0.069158435,0.9231128,0.9231128,0.29618278
3077,2,1,0.112267554,0.5120911,0.37564132,0.5120911,0.9560311
3078,0,0,0.6165962,0.3421622,0.041241586,0.6165962,0.7965992
3080,2,2,0.0042280434,0.09044107,0.90533096,0.90533096,0.330485
3082,0,1,0.15239154,0.6480882,0.19952022,0.6480882,0.88938344
3084,0,0,0.92690736,0.037916694,0.03517598,0.92690736,0.3121788
3085,1,1,0.018532282,0.92039657,0.06107123,0.92039657,0.32099643
3088,2,2,0.016951034,0.053514756,0.9295343,0.9295343,0.2937195
3089,2,2,0.0032613939,0.12516202,0.87157667,0.87157667,0.3985779
3090,2,2,0.0152572505,0.25378335,0.7309595,0.7309595,0.64090383
3091,2,0,0.4060038,0.2739443,0.32005197,0.4060038,1.0853065
3092,2,2,0.016965726,0.13962506,0.84340924,0.84340924,0.48768994
3095,0,2,0.46244514,0.049271617,0.48828328,0.48828328,0.8550085
3096,0,2,0.12759621,0.09603413,0.7763697,0.7763697,0.68423855
3097,2,0,0.9313649,0.03481465,0.033820435,0.9313649,0.29766098
3098,2,2,0.008483597,0.062592536,0.9289239,0.9289239,0.28240243
3101,2,2,0.004355666,0.06993126,0.92571306,0.92571306,0.2811694
3102,2,2,0.0053088395,0.06600975,0.9286815,0.9286815,0.27593374
3103,2,2,0.0038885442,0.07031251,0.92579895,0.92579895,0.2796238
3106,2,2,0.42066935,0.105900064,0.4734306,0.4734306,0.9560418
3109,0,1,0.35230383,0.5878283,0.059867922,0.5878283,0.8484351
3110,2,2,0.006075104,0.107131466,0.8867934,0.8867934,0.37684628
3111,2,2,0.003207161,0.27009708,0.7266958,0.7266958,0.6039624
3112,2,2,0.0064898264,0.19126958,0.80224067,0.80224067,0.5258372
3113,2,2,0.0032280034,0.1371141,0.85965794,0.85965794,0.4209513
3114,2,2,0.0111740455,0.30098954,0.68783647,0.68783647,0.6690012
3115,2,2,0.0063448,0.11212091,0.88153434,0.88153434,0.38859972
3117,2,2,0.006060119,0.07466948,0.91927046,0.91927046,0.30206633
3118,2,2,0.0049540005,0.07760586,0.9174402,0.9174402,0.30371684
3121,2,2,0.011431895,0.0581285,0.9304397,0.9304397,0.28358015
3122,2,2,0.0042098244,0.06602561,0.9297646,0.9297646,0.27017677
3123,2,2,0.004745922,0.099896014,0.895358,0.895358,0.35448128
3124,2,2,0.007390508,0.09694115,0.8956684,0.8956684,0.36118543
3125,2,2,0.005907265,0.07893302,0.9151597,0.9151597,0.3118718
3126,2,2,0.0139265135,0.17544189,0.8106317,0.8106317,0.53505397
3128,2,2,0.005715441,0.087696575,0.906588,0.906588,0.33186668
3129,2,2,0.04162223,0.20685801,0.7515198,0.7515198,0.6729504
3130,2,2,0.0055885217,0.082238354,0.91217315,0.91217315,0.3182822
3131,0,1,0.29579002,0.670221,0.033988982,0.670221,0.74343204
3132,0,1,0.13431767,0.7795409,0.08614142,0.7795409,0.6749924
3134,2,2,0.0045981207,0.12502341,0.87037855,0.87037855,0.40553513
3136,2,2,0.004473854,0.116470784,0.87905544,0.87905544,0.38794357
3139,2,2,0.090722226,0.18379736,0.72548044,0.72548044,0.76188934
3141,0,0,0.8677252,0.075427674,0.056847177,0.8677252,0.48106492
3142,0,1,0.094156794,0.8517348,0.054108415,0.8517348,0.5169811
3143,2,2,0.10485066,0.09816123,0.7969881,0.7969881,0.64515644
3144,2,2,0.12233189,0.07840574,0.7992624,0.7992624,0.6357188
3146,2,2,0.0033660254,0.07633782,0.9202962,0.9202962,0.2919914
3147,2,2,0.009556391,0.11284475,0.8775989,0.8775989,0.40522486
3152,2,2,0.0029444103,0.035184447,0.9618712,0.9618712,0.17231971
3153,0,0,0.8173322,0.040326994,0.14234087,0.8173322,0.57184094
3154,0,0,0.8523154,0.0377749,0.1099097,0.8523154,0.5026448
3155,0,0,0.9126105,0.041226342,0.046163194,0.9126105,0.35689047
3157,0,0,0.932722,0.032533567,0.034744456,0.932722,0.2931377
3158,0,0,0.8336521,0.039676696,0.12667127,0.8336521,0.5414334
3159,0,1,0.19472148,0.47442162,0.33085695,0.47442162,1.0383078
3160,2,0,0.8699123,0.07738306,0.052704632,0.8699123,0.47436818
3161,2,2,0.007888436,0.074473985,0.9176376,0.9176376,0.31050378
3162,0,0,0.8412015,0.09785658,0.060941942,0.8412015,0.5434128
3163,2,1,0.29531077,0.6487917,0.055897612,0.6487917,0.8021159
3164,2,2,0.027038822,0.36243558,0.61052567,0.61052567,0.76671684
3165,2,1,0.047782347,0.83865565,0.11356199,0.83865565,0.53992003
3166,2,1,0.3701276,0.5563086,0.073563755,0.5563086,0.886082
3167,2,2,0.006884094,0.14982869,0.8432873,0.8432873,0.46242324
3169,2,2,0.040579315,0.06274075,0.89668,0.89668,0.40153793
3171,2,2,0.00969165,0.077741385,0.912567,0.912567,0.3270095
3172,2,2,0.006165484,0.15304711,0.8407874,0.8407874,0.4644521
3173,2,2,0.00810525,0.07521771,0.91667706,0.91667706,0.31339562
3174,0,1,0.06978003,0.5135634,0.41665664,0.5135634,0.89279205
3176,2,0,0.73639584,0.16345295,0.10015127,0.73639584,0.7518343
3177,1,1,0.056773745,0.8978174,0.045408927,0.8978174,0.40004677
3179,0,0,0.93547225,0.030065157,0.034462605,0.93547225,0.28382546
3180,2,2,0.0037604878,0.052259132,0.94398034,0.94398034,0.22966096
3181,2,2,0.0069004972,0.06391662,0.9291829,0.9291829,0.27836815
3182,2,2,0.0072481823,0.093768515,0.89898336,0.89898336,0.35338837
3183,2,2,0.0061763898,0.055741537,0.93808204,0.93808204,0.25230712
3185,2,0,0.8779245,0.047503665,0.07457184,0.8779245,0.45263025
3186,2,0,0.8518312,0.08631379,0.06185495,0.8518312,0.5201942
3191,2,2,0.06970953,0.3184383,0.6118522,0.6118522,0.85064423
3192,2,2,0.0041545797,0.04605164,0.94979376,0.94979376,0.21345267
3193,2,2,0.0054324707,0.11356019,0.8810073,0.8810073,0.38698792
3194,0,0,0.529745,0.39190197,0.0783531,0.529745,0.9032187
3196,2,2,0.12161722,0.24765953,0.63072324,0.63072324,0.8925838
3197,0,0,0.8044845,0.052390616,0.14312486,0.8044845,0.6077601
3198,2,2,0.009841766,0.11844877,0.8717094,0.8717094,0.41784874
3200,2,2,0.010262593,0.057628952,0.93210846,0.93210846,0.27698535
3202,2,2,0.002908042,0.05754749,0.93954456,0.93954456,0.2398802
3203,2,2,0.0057832263,0.07676017,0.9174567,0.9174567,0.30588725
3204,2,2,0.0050558373,0.050799802,0.9441443,0.9441443,0.2323736
3211,2,2,0.019352451,0.12769823,0.8529493,0.8529493,0.47482404
3215,2,1,0.17315993,0.7964461,0.03039399,0.7964461,0.59109235
3216,0,0,0.8275345,0.060827773,0.111637704,0.8275345,0.5717213
3224,2,2,0.013836344,0.07284612,0.91331756,0.91331756,0.33285144
3226,2,2,0.0027678648,0.041767642,0.9554645,0.9554645,0.19246931
3227,2,2,0.002441572,0.035239536,0.9623189,0.9623189,0.16954534
3228,2,2,0.0069597894,0.08237167,0.91066855,0.91066855,0.32543248
3232,2,2,0.0058091437,0.04002667,0.95416427,0.95416427,0.20349038
3233,2,2,0.01169175,0.075418055,0.9128902,0.9128902,0.3301493
3240,2,2,0.011956945,0.060977045,0.92706597,0.92706597,0.29370248
3247,2,2,0.018269477,0.10966842,0.8720621,0.8720621,0.4349041
3248,2,2,0.0054817037,0.13580333,0.85871494,0.85871494,0.43047535
3251,2,2,0.011876103,0.08002464,0.9080993,0.9080993,0.3422875
3254,2,2,0.38682583,0.12153687,0.49163723,0.49163723,0.9726126
3256,0,0,0.9000789,0.037617803,0.062303293,0.9000789,0.39108855
3257,2,2,0.019675765,0.045943234,0.934381,0.934381,0.2822322
3259,2,2,0.0050394726,0.04152052,0.95344,0.95344,0.2042203
3260,2,0,0.540882,0.105482645,0.35363534,0.540882,0.93725383
3261,2,2,0.0063110767,0.062428128,0.9312608,0.9312608,0.27144837
3263,2,2,0.0070189466,0.06022956,0.93275154,0.93275154,0.26896328
3269,2,2,0.03739112,0.05746138,0.90514755,0.90514755,0.37723044
3276,2,2,0.013822479,0.21148057,0.774697,0.774697,0.58550847
3277,2,2,0.00732763,0.08474463,0.90792775,0.90792775,0.3328799
3278,2,2,0.003096638,0.06546512,0.9314382,0.9314382,0.2625199
3279,0,0,0.56651723,0.39855695,0.034925815,0.56651723,0.80571634
3281,2,2,0.004904203,0.1142152,0.8808806,0.8808806,0.3856132
3282,0,1,0.28973472,0.6695278,0.040737446,0.6695278,0.75790775
3283,2,2,0.004562531,0.05063128,0.94480616,0.94480616,0.22927585
3284,2,0,0.4870264,0.076674126,0.4362995,0.4870264,0.9091768
3285,0,0,0.8497964,0.09316265,0.057040937,0.8497964,0.522789
3286,2,2,0.004896505,0.04135719,0.9537463,0.9537463,0.20295644
3291,2,2,0.06490223,0.1904213,0.7446765,0.7446765,0.71285087
3292,2,1,0.34743202,0.47314173,0.17942625,0.47314173,1.0296335
3298,0,0,0.90146005,0.056639265,0.041900642,0.90146005,0.38905925
3302,0,1,0.10416881,0.8299701,0.06586106,0.8299701,0.56943667
3307,2,2,0.056440827,0.058551773,0.8850074,0.8850074,0.43651536
3308,2,2,0.15922852,0.06553121,0.7752403,0.7752403,0.6685188
3309,0,0,0.90473026,0.04395155,0.051318157,0.90473026,0.38031423
3318,2,2,0.002243469,0.044808008,0.9529485,0.9529485,0.19875672
3319,0,0,0.8365798,0.09096046,0.0724598,0.8365798,0.557523
3320,2,2,0.024330305,0.075105846,0.9005639,0.9005639,0.37917033
3321,2,2,0.01599484,0.08558449,0.89842075,0.89842075,0.3727706
3325,0,0,0.9254372,0.040324006,0.03423884,0.9254372,0.31671923
3326,0,0,0.90840966,0.045813143,0.045777217,0.90840966,0.36968756
3327,0,0,0.8379859,0.06520934,0.09680476,0.8379859,0.55219364
3328,0,0,0.87780327,0.051629025,0.07056775,0.87780327,0.45450595
3330,2,2,0.006145823,0.059525557,0.9343287,0.9343287,0.26270297
3335,0,0,0.77265644,0.13982894,0.08751462,0.77265644,0.6875558
3336,0,0,0.9214506,0.040434543,0.0381148,0.9214506,0.32962403
3339,2,0,0.8842524,0.08569539,0.030052198,0.8842524,0.4246516
3350,0,1,0.108952396,0.8518123,0.039235294,0.8518123,0.5052028
3364,2,2,0.002349068,0.06326262,0.9343884,0.9343884,0.25226507
3373,0,0,0.8931894,0.05645452,0.050356153,0.8931894,0.41365618
3374,2,2,0.004154327,0.062904485,0.9329412,0.9329412,0.2615415
3375,0,0,0.8638807,0.088314354,0.047804963,0.8638807,0.4860865
3388,2,2,0.010092446,0.15742554,0.83248204,0.83248204,0.4900636
3389,2,2,0.0061715744,0.05848219,0.93534625,0.93534625,0.25994974
3390,2,2,0.0049138768,0.038925882,0.9561603,0.9561603,0.19534218
3398,2,2,0.0107364645,0.06977393,0.9194896,0.9194896,0.3116318
3399,0,0,0.8574659,0.06581695,0.076717176,0.8574659,0.507917
3402,2,2,0.0044506616,0.042857636,0.95269173,0.95269173,0.20526621
3410,2,2,0.002152868,0.06335963,0.9344875,0.9344875,0.25134343
3415,0,0,0.88087153,0.07656559,0.042562887,0.88087153,0.4428377
3420,2,1,0.115517356,0.74388325,0.14059943,0.74388325,0.7452524
3421,2,2,0.00860992,0.060604222,0.9307859,0.9307859,0.27759767
3424,2,2,0.004144152,0.11493365,0.8809222,0.8809222,0.38307112
3431,2,2,0.0039095073,0.028181387,0.96790916,0.96790916,0.153828
3434,2,2,0.0049311444,0.072439864,0.922629,0.922629,0.2906472
3437,0,0,0.879528,0.06458776,0.055884212,0.879528,0.45105445
3442,2,2,0.009921991,0.10953791,0.88054013,0.88054013,0.40003365
3443,2,2,0.014262156,0.121418566,0.8643193,0.8643193,0.44265768
3446,0,0,0.8919824,0.063729815,0.044287853,0.8919824,0.4154635
3448,2,2,0.020738455,0.10045616,0.8788054,0.8788054,0.4247635
3449,0,0,0.75087726,0.17198871,0.077134065,0.75087726,0.71552616
3451,2,2,0.00863185,0.049938604,0.9414296,0.9414296,0.24750578
3452,2,2,0.0010777493,0.06535394,0.9335683,0.9335683,0.24982017
3459,1,0,0.4999315,0.4336923,0.066376224,0.4999315,0.88894975
3460,2,2,0.29411784,0.03454314,0.67133904,0.67133904,0.74370635
3473,2,2,0.027055763,0.10597265,0.86697155,0.86697155,0.4592903
3481,2,2,0.013995453,0.08390313,0.9021014,0.9021014,0.36060864
3501,2,2,0.0021675318,0.047277357,0.9505551,0.9505551,0.20577529
3503,0,0,0.8893657,0.07608916,0.034545276,0.8893657,0.41653112
3507,2,2,0.009145861,0.08458513,0.90626913,0.90626913,0.3410539
3509,0,1,0.23729247,0.67328244,0.089425065,0.67328244,0.82358396
3510,2,2,0.0026263883,0.04355724,0.9538164,0.9538164,0.19720113
3513,2,2,0.002809325,0.061376624,0.93581414,0.93581414,0.24987
3517,2,2,0.035434466,0.066743314,0.89782226,0.89782226,0.3957913
3518,0,0,0.8666135,0.086211696,0.04717477,0.8666135,0.47943366
3527,2,2,0.04391919,0.0758532,0.8802276,0.8802276,0.44518206
3528,2,2,0.036701962,0.046393957,0.9169041,0.9169041,0.3432975
3538,2,2,0.0074290773,0.05863366,0.93393725,0.93393725,0.2665621
3542,2,2,0.009286778,0.08319237,0.9075209,0.9075209,0.33838513
3546,2,2,0.006041434,0.082755305,0.91120327,0.91120327,0.32181373
3550,0,2,0.14112325,0.042565484,0.8163113,0.8163113,0.57638156
3555,2,2,0.054225657,0.096643135,0.84913117,0.84913117,0.52274334
3556,2,2,0.25957483,0.035162907,0.7052622,0.7052622,0.7140758
3557,2,2,0.0053006993,0.06607143,0.92862785,0.92862785,0.27605486
3559,2,2,0.0034764588,0.03301485,0.9635087,0.9635087,0.168107
3560,2,2,0.17443429,0.23758695,0.58797884,0.58797884,0.9583181
3561,2,0,0.4556009,0.33722016,0.20717898,0.4556009,1.0508654
3564,0,1,0.36822104,0.57185686,0.059922155,0.57185686,0.85613436
3565,2,2,0.053147882,0.18723091,0.7596212,0.7596212,0.6785076
3566,2,2,0.009714529,0.08584865,0.9044369,0.9044369,0.34663552
3567,2,2,0.2466058,0.1851137,0.56828046,0.56828046,0.9786445
3570,0,0,0.5263823,0.41828412,0.055333577,0.5263823,0.86252415
3572,0,0,0.915526,0.043671668,0.04080237,0.915526,0.34806702
3574,2,1,0.052415833,0.90092194,0.046662226,0.90092194,0.39156103
3575,2,0,0.60652924,0.30698884,0.08648191,0.60652924,0.87749475
3576,2,2,0.0033222071,0.09416125,0.90251654,0.90251654,0.33400896
3581,2,2,0.028572211,0.1643182,0.8071096,0.8071096,0.5712941
3582,2,2,0.006597992,0.056689437,0.9367126,0.9367126,0.25707772
3583,2,2,0.013380218,0.06707767,0.9195421,0.9195421,0.31609008
3584,2,2,0.0029546318,0.042502232,0.9545432,0.9545432,0.19584703
3586,2,2,0.0028587864,0.09794414,0.89919716,0.89919716,0.3398466
3587,2,2,0.0078115645,0.23601267,0.7561758,0.7561758,0.5900115
3588,0,0,0.7398577,0.09923784,0.16090448,0.7398577,0.7461435
3590,1,2,0.006106413,0.13481793,0.8590757,0.8590757,0.43177733
3591,2,2,0.00751536,0.20214577,0.7903389,0.7903389,0.5459016
3596,2,2,0.0051745414,0.12748903,0.86733645,0.86733645,0.4132777
3598,2,0,0.65928763,0.26542908,0.07528334,0.65928763,0.82144344
3600,2,2,0.004315739,0.092348926,0.90333533,0.90333533,0.33532754
3603,2,2,0.068825565,0.15410781,0.7770666,0.7770666,0.668386
3604,2,2,0.008280652,0.051178392,0.94054097,0.94054097,0.24947588
3605,2,0,0.88122714,0.066811875,0.05196106,0.88122714,0.44586915
3609,2,0,0.70415586,0.21808673,0.07775737,0.70415586,0.7777076
3611,2,2,0.018284932,0.09428202,0.88743305,0.88743305,0.4017933
3618,2,2,0.005535372,0.057055637,0.93740904,0.93740904,0.2527469
3619,0,0,0.72556216,0.19886771,0.075570196,0.72556216,0.7491355
3624,2,2,0.006330186,0.056376394,0.93729347,0.93729347,0.254866
3630,2,2,0.04991393,0.1529398,0.7971463,0.7971463,0.6175181
3631,2,1,0.058906104,0.82994485,0.11114908,0.82994485,0.5656909
3632,2,2,0.005640655,0.041444365,0.952915,0.952915,0.20709872
3633,0,0,0.78407454,0.11568635,0.10023914,0.78407454,0.6708175
3635,2,2,0.011412121,0.12786591,0.860722,0.860722,0.4431328
3637,2,1,0.021564448,0.51129365,0.467142,0.51129365,0.7812701
3638,2,2,0.0049417564,0.071187355,0.9238709,0.9238709,0.28750402
3639,2,1,0.05456562,0.5651535,0.38028097,0.5651535,0.848878
3641,0,0,0.8940118,0.05770194,0.048286267,0.8940118,0.41109127
3642,2,2,0.004883853,0.20279925,0.792317,0.792317,0.5340115
3643,2,2,0.027233528,0.087537274,0.88522923,0.88522923,0.41926154
3644,2,2,0.0060140956,0.15013908,0.8438469,0.8438469,0.45871854
3645,0,0,0.5388552,0.33257958,0.12856525,0.5388552,0.96303594
3649,0,0,0.6071252,0.088252805,0.304622,0.6071252,0.879305
3650,0,0,0.48305285,0.08983792,0.42710924,0.48305285,0.9313185
3655,2,2,0.4018408,0.110888705,0.4872705,0.4872705,0.9605438
3658,0,2,0.08019381,0.05573851,0.86406773,0.86406773,0.48951936
3659,2,0,0.7249663,0.15292104,0.12211271,0.7249663,0.7771112
3660,0,0,0.8982902,0.058188673,0.04352109,0.8982902,0.39826208
3661,2,0,0.55292547,0.22065583,0.22641875,0.55292547,0.99738574
3663,2,2,0.022722635,0.06802242,0.90925497,0.90925497,0.35532728
3665,0,0,0.9146781,0.033085875,0.05223607,0.9146781,0.34855187
3667,0,1,0.4349333,0.5408087,0.024258085,0.5408087,0.78475463
3668,1,0,0.699144,0.1882868,0.112569235,0.699144,0.81049407
3669,2,2,0.26896387,0.11208756,0.6189486,0.6189486,0.8954284
3671,2,2,0.0031406446,0.06988539,0.92697394,0.92697394,0.27435076
3673,0,2,0.07631653,0.30053663,0.62314683,0.62314683,0.8523847
3675,2,2,0.002966065,0.06162787,0.935406,0.935406,0.25146013
3676,2,0,0.58488685,0.15110852,0.26400465,0.58488685,0.9508531
3677,2,2,0.0025169605,0.1419624,0.8555207,0.8555207,0.42570096
3680,2,0,0.9180975,0.05699162,0.024910897,0.9180975,0.33370772
3681,0,1,0.2373547,0.5275904,0.23505494,0.5275904,1.0190678
3685,2,2,0.045570716,0.07956263,0.87486666,0.87486666,0.45908996
3687,0,2,0.27292174,0.12881339,0.5982648,0.5982648,0.9257387
3691,2,2,0.007855292,0.0674012,0.9247436,0.9247436,0.29220927
3692,2,2,0.06281916,0.25372782,0.68345296,0.68345296,0.7819581
3695,2,2,0.006049615,0.05880225,0.9351482,0.9351482,0.26022255
3696,2,2,0.0024533204,0.03847887,0.9590679,0.9590679,0.1801785
3698,2,2,0.036246177,0.07723005,0.88652384,0.88652384,0.4248068
3699,0,0,0.8459979,0.055727836,0.098274246,0.8459979,0.5303805
3700,0,0,0.64732546,0.21849,0.13418457,0.64732546,0.8833673
3703,2,2,0.017835535,0.05400858,0.92815596,0.92815596,0.29864514
3704,2,1,0.033952676,0.8361169,0.12993042,0.8361169,0.52966493
3705,2,2,0.060487207,0.16688898,0.77262384,0.77262384,0.66779697
3706,2,2,0.0069107944,0.06264816,0.93044114,0.93044114,0.2750097
3707,2,2,0.01744731,0.18967943,0.7928733,0.7928733,0.5699829
3708,2,2,0.030968297,0.08786854,0.8811632,0.8811632,0.43277514
3711,2,1,0.15481387,0.6431099,0.20207623,0.6431099,0.8958466
3715,2,2,0.00372402,0.25357276,0.74270326,0.74270326,0.5896802
3716,2,2,0.013942432,0.22361065,0.7624469,0.7624469,0.6013012
3719,2,2,0.010563208,0.09004045,0.8993964,0.8993964,0.36020288
3720,2,2,0.003071875,0.051161423,0.9457667,0.9457667,0.2225987
3721,2,2,0.0054746917,0.113881506,0.88064384,0.88064384,0.3878603
3722,0,2,0.008447832,0.3671761,0.6243761,0.6243761,0.70229006
3723,2,2,0.011253833,0.12909137,0.8596547,0.8596547,0.4447776
3725,2,2,0.0068455706,0.27505365,0.7181008,0.7181008,0.62695134
3728,2,2,0.0032720168,0.07652769,0.92020035,0.92020035,0.2919351
3730,0,1,0.19223198,0.570736,0.23703206,0.570736,0.9783075
3731,0,2,0.012904385,0.07666484,0.9104308,0.9104308,0.33846822
3736,1,1,0.3969197,0.5376496,0.06543068,0.5376496,0.87881374
3738,2,2,0.009068173,0.04746287,0.9434689,0.9434689,0.24220738
3739,1,1,0.25639433,0.70189404,0.041711643,0.70189404,0.7299309
3741,2,2,0.0048550684,0.07514648,0.91999847,0.91999847,0.29708183
3744,2,2,0.26015174,0.07755429,0.66229403,0.66229403,0.8214761
3746,2,2,0.0046312907,0.14684834,0.8485204,0.8485204,0.445979
3747,2,2,0.0053368495,0.16548392,0.8291792,0.8291792,0.48093528
3748,2,2,0.0023503874,0.07445791,0.9231917,0.9231917,0.28141326
3751,0,2,0.22415215,0.34701747,0.42883044,0.42883044,1.0655683
3754,2,2,0.0055109174,0.31400517,0.68048394,0.68048394,0.654342
3755,2,2,0.0045526247,0.043024823,0.95242256,0.95242256,0.20633037
3756,2,2,0.042403914,0.24450132,0.71309483,0.71309483,0.7195332
3758,2,0,0.75391376,0.09084763,0.15523864,0.75391376,0.7200453
3759,2,1,0.31868392,0.62567973,0.05563637,0.62567973,0.8185533
3766,2,2,0.09946296,0.17226844,0.7282686,0.7282686,0.76344955
3767,2,2,0.010236854,0.30546585,0.6842973,0.6842973,0.66875696
3768,2,2,0.020169053,0.1337705,0.84606045,0.84606045,0.48925996
3770,2,1,0.3617654,0.45973843,0.17849612,0.45973843,1.0326724
3771,2,2,0.011895136,0.03822761,0.94987726,0.94987726,0.22634232
3772,0,0,0.8503651,0.098178715,0.051456217,0.8503651,0.51837647
3773,2,2,0.026849275,0.08472687,0.88842386,0.88842386,0.41136712
3774,2,0,0.49380416,0.13585065,0.37034523,0.49380416,0.98749244
3775,1,2,0.010169685,0.05537107,0.93445927,0.93445927,0.27023357
3776,1,2,0.024082568,0.15034749,0.82557,0.82557,0.5328637
3778,0,0,0.8875731,0.06134489,0.051081985,0.8875731,0.4290187
3779,0,0,0.84220105,0.054610692,0.10318821,0.84220105,0.53777975
3780,2,2,0.002405916,0.053001363,0.9445927,0.9445927,0.22403859
3781,0,0,0.8402907,0.0869795,0.0727298,0.8402907,0.54925305
3782,2,1,0.04013912,0.72479415,0.2350667,0.72479415,0.702701
3783,2,2,0.010434026,0.08471953,0.90484643,0.90484643,0.34720522
3784,2,0,0.8847429,0.057858113,0.057398982,0.8847429,0.43725652
3786,0,0,0.7804938,0.1446855,0.07482079,0.7804938,0.6671184
3788,1,0,0.67177594,0.2581505,0.07007358,0.67177594,0.8031138
3793,0,0,0.8810957,0.07465888,0.044245463,0.8810957,0.44322127
3796,2,1,0.16205758,0.64879656,0.18914588,0.64879656,0.8905784
3797,0,1,0.036855932,0.75621945,0.20692462,0.75621945,0.65894663
3799,0,0,0.8880473,0.059174262,0.05277844,0.8880473,0.4279955
3800,0,0,0.9070742,0.05800096,0.034924798,0.9070742,0.37077105
3802,0,0,0.71247566,0.22480085,0.062723435,0.71247566,0.75074285
3805,0,0,0.5145664,0.41867164,0.06676197,0.5145664,0.8871172
3807,2,1,0.19960229,0.6819389,0.11845879,0.6819389,0.8353966
3808,2,2,0.013573125,0.16553196,0.82089496,0.82089496,0.5180961
3809,2,2,0.019051181,0.089014746,0.89193404,0.89193404,0.39278147
3810,2,1,0.013534092,0.77443385,0.21203208,0.77443385,0.58505964
3813,0,0,0.62180674,0.31121662,0.06697664,0.62180674,0.83977455
3815,2,1,0.0034377,0.5215914,0.4749709,0.5215914,0.71260715
3816,2,2,0.0062108687,0.09570821,0.89808095,0.89808095,0.3526742
3817,2,2,0.0032810604,0.14724112,0.8494779,0.8494779,0.4394119
3819,2,2,0.002860108,0.10182092,0.89531904,0.89531904,0.3483653
3820,2,2,0.0024121325,0.09450847,0.9030794,0.9030794,0.32955447
3822,2,2,0.005425595,0.2774549,0.7171196,0.7171196,0.6224787
3823,2,1,0.09626095,0.792278,0.11146114,0.792278,0.6543482
3824,0,0,0.86170316,0.06840639,0.06989043,0.86170316,0.49771175
3825,2,2,0.003601347,0.10845765,0.887941,0.887941,0.36672187
3826,0,0,0.8921237,0.06619087,0.041685432,0.8921237,0.4140184
3827,2,2,0.026308136,0.08346241,0.89022946,0.89022946,0.40648523
3829,2,2,0.034081668,0.068788745,0.89712965,0.89712965,0.3966775
3830,0,1,0.34599125,0.58739704,0.0666117,0.58739704,0.86018485
3831,2,1,0.065101944,0.8763731,0.058524966,0.8763731,0.4596062
3834,2,0,0.7440201,0.17397891,0.08200103,0.7440201,0.72934175
3835,2,0,0.70877206,0.21362382,0.07760409,0.70877206,0.7720777
3836,0,0,0.627696,0.066025704,0.30627826,0.627696,0.8341636
3837,2,2,0.007659316,0.14597024,0.84637046,0.84637046,0.4593861
3840,2,2,0.002705487,0.08567216,0.91162235,0.91162235,0.31086403
3841,2,2,0.0032195707,0.076957196,0.9198233,0.9198233,0.29270577
3842,2,2,0.0056265574,0.31365648,0.680717,0.680717,0.6546278
3843,2,2,0.007705371,0.14813726,0.8441574,0.8441574,0.4633924
3844,2,2,0.0025220234,0.089914806,0.90756315,0.90756315,0.31971008
3845,2,2,0.004167703,0.08416224,0.91167015,0.91167015,0.3154515
3846,2,2,0.010845843,0.07421552,0.9149386,0.9149386,0.32342115
3847,2,2,0.006024998,0.06469647,0.9292786,0.9292786,0.2761004
3850,2,0,0.8458154,0.07761283,0.07657176,0.8458154,0.5367686
3852,2,2,0.0047429395,0.03248187,0.96277523,0.96277523,0.17322084
3853,2,2,0.06583393,0.100550696,0.83361536,0.83361536,0.56178737
3854,0,1,0.08039988,0.7877601,0.13184011,0.7877601,0.65772665
3855,2,0,0.6884663,0.25588477,0.05564893,0.6884663,0.76652765
3856,2,2,0.01292778,0.21215688,0.7749154,0.7749154,0.58275366
3857,2,2,0.0034350818,0.038248923,0.958316,0.958316,0.18512325
3858,2,1,0.021999244,0.5363779,0.44162285,0.5363779,0.7790221
3859,2,0,0.67131394,0.27075073,0.05793533,0.67131394,0.78630674
3861,0,0,0.835855,0.098347805,0.065797254,0.835855,0.55700755
3862,2,2,0.027710902,0.37977198,0.59251714,0.59251714,0.77716756
3864,2,1,0.07090428,0.57487357,0.35422218,0.57487357,0.87351847
3865,2,2,0.00534342,0.100724794,0.8939318,0.8939318,0.359389
3867,2,2,0.008036925,0.048891846,0.94307125,0.94307125,0.24160711
3870,2,1,0.33810627,0.51491714,0.14697659,0.51491714,0.9902416
3873,2,2,0.0030949079,0.05185993,0.94504523,0.94504523,0.22476305
3874,2,2,0.005346192,0.08720855,0.90744525,0.90744525,0.32884198
3875,2,2,0.0025042095,0.05331421,0.9441817,0.9441817,0.22552371
3876,0,0,0.7454054,0.20479949,0.0497951,0.7454054,0.693153
3877,0,2,0.020249223,0.08518059,0.89457023,0.89457023,0.38842863
3881,2,2,0.005502906,0.039318796,0.9551783,0.9551783,0.19966827
3882,2,2,0.0065794433,0.032472495,0.9609481,0.9609481,0.18262807
3884,2,2,0.3898201,0.13006419,0.4801157,0.4801157,0.9848076
3885,2,2,0.013761589,0.09343486,0.8928036,0.8928036,0.3817007
3886,2,2,0.007443681,0.06204699,0.9305093,0.9305093,0.2759773
3887,2,2,0.0044376617,0.04608701,0.9494754,0.9494754,0.21508783
3888,2,2,0.0077203508,0.04204437,0.95023525,0.95023525,0.21929628
3889,2,2,0.033718817,0.06523107,0.9010502,0.9010502,0.38624996
3892,2,2,0.061630383,0.37100795,0.5673617,0.5673617,0.8611624
3894,2,2,0.19675346,0.24694759,0.556299,0.556299,0.9914995
3895,2,0,0.7761644,0.03436252,0.18947302,0.7761644,0.62769186
3896,0,0,0.584136,0.11223949,0.3036245,0.584136,0.92143464
3897,0,0,0.6196431,0.24405177,0.13630512,0.6196431,0.9124098
3898,2,2,0.014875371,0.08069174,0.9044329,0.9044329,0.35655475
3900,1,0,0.54084873,0.15852539,0.30062586,0.54084873,0.98571146
3901,2,0,0.38414824,0.23455442,0.38129735,0.38414824,1.0752823
3902,2,2,0.05956796,0.17343234,0.7669997,0.7669997,0.6753286
3903,1,2,0.044751268,0.05638549,0.8988633,0.8988633,0.39700547
3904,2,2,0.27481905,0.23412053,0.4910605,0.4910605,1.0441284
3905,2,2,0.18245855,0.22165653,0.5958849,0.5958849,0.95285213
3906,1,2,0.023332996,0.35130587,0.62536114,0.62536114,0.7487439
3908,1,1,0.023759825,0.6472596,0.3289806,0.6472596,0.7361654
3909,0,1,0.07863709,0.8333077,0.088055246,0.8333077,0.5658786
3910,0,0,0.5699759,0.308115,0.12190908,0.5699759,0.9397118
3911,2,2,0.0038742558,0.14514707,0.85097873,0.85097873,0.43897116
3912,0,1,0.25163227,0.5325907,0.21577704,0.5325907,1.0136282
3914,2,2,0.06908355,0.06559872,0.8653177,0.8653177,0.4885011
3916,2,2,0.0048736725,0.03983996,0.95528644,0.95528644,0.19804525
3917,0,0,0.46560925,0.2561203,0.27827048,0.46560925,1.0607321
3922,0,0,0.9182494,0.044557203,0.03719342,0.9182494,0.33935738
3923,0,0,0.8351493,0.13604127,0.028809475,0.8351493,0.52401114
3924,1,1,0.116651475,0.6184306,0.26491797,0.6184306,0.8997325
3925,2,1,0.16174427,0.67939734,0.15885833,0.67939734,0.84953463
3938,2,0,0.6308549,0.07510969,0.29403546,0.6308549,0.8449818
3939,2,1,0.018768197,0.8864718,0.09475995,0.8864718,0.40473294
3942,2,0,0.66218793,0.2584023,0.079409815,0.66218793,0.8237932
3944,0,2,0.08547331,0.44446224,0.47006446,0.47006446,0.92548084
3945,0,0,0.5637311,0.10810463,0.3281644,0.5637311,0.9292679
3947,0,0,0.8313336,0.12239561,0.046270784,0.8313336,0.5528604
3948,0,0,0.9471244,0.02337837,0.029497255,0.9471244,0.24319254
3950,2,2,0.06037942,0.07215817,0.8674624,0.8674624,0.48252624
3954,2,2,0.0038890496,0.11069921,0.88541174,0.88541174,0.37298164
3955,0,0,0.85197616,0.09237288,0.055651005,0.85197616,0.5172653
3957,2,2,0.018595686,0.07517949,0.9062248,0.9062248,0.3578899
3959,0,0,0.8356974,0.109884106,0.054418504,0.8356974,0.55107355
3960,2,2,0.005322331,0.22689886,0.7677788,0.7677788,0.5673032
3961,2,2,0.0032992235,0.108944215,0.8877566,0.8877566,0.36606675
3963,2,2,0.002006798,0.07802124,0.91997194,0.91997194,0.288216
3964,2,2,0.0017559712,0.072923906,0.92532015,0.92532015,0.27389985
3965,2,2,0.0022494216,0.07355442,0.9241962,0.9241962,0.2785273
3966,2,2,0.0019167268,0.12001749,0.8780658,0.8780658,0.38062263
3967,2,2,0.0024591053,0.08327469,0.9142663,0.9142663,0.30371147
3968,2,2,0.007017887,0.0886255,0.90435666,0.90435666,0.34048942
3973,2,2,0.0029599266,0.07549116,0.9215489,0.9215489,0.287574
3976,2,2,0.00290564,0.03728493,0.9598094,0.9598094,0.17898037
3977,2,2,0.029475497,0.05570461,0.9148199,0.9148199,0.34617987
3978,2,0,0.6712589,0.2663242,0.062416848,0.6712589,0.7930612
3980,2,2,0.0049336804,0.06374136,0.931325,0.931325,0.26794198
3982,1,2,0.009877841,0.12681097,0.8633111,0.8633111,0.43437213
3983,2,2,0.01492727,0.2949144,0.6901584,0.6901584,0.67880815
3987,2,1,0.004847722,0.59774643,0.39740592,0.59774643,0.70015323
3990,0,0,0.8538811,0.08997256,0.056146316,0.8538811,0.5132482
3992,2,2,0.012514613,0.090489306,0.89699614,0.89699614,0.36973426
4010,2,2,0.008010866,0.06840845,0.92358077,0.92358077,0.2955792
4011,2,2,0.0030716097,0.071650214,0.9252782,0.9252782,0.27849588
4055,0,0,0.88217723,0.080429815,0.037392903,0.88217723,0.43618807
4114,2,2,0.05280874,0.0843634,0.8628279,0.8628279,0.49121508
4119,0,0,0.8414392,0.11385067,0.044710167,0.8414392,0.53158903
